Tabla;Campo;Var Type;Utilizado;Campo en Json;Mapeo api endpoint;Cobertura;Column 8;Observaciones;;;;;;;;;;;;;;;;;
wms_orders;vtex_id;varchar(50);SI;commerceId;https://oms.janis.in/api/order;Completa;wms_orders vtex_id;;;Completa: El campo está disponible en la API/Webhook con la misma granularidad.;;;;;;;;;;;;;;;
wms_orders;id;bigint;SI;id;https://oms.janis.in/api/order;Completa;wms_orders id;;;Parcial: El campo existe pero la información es diferente o agregada.;;;;;;;;;;;;;;;
wms_orders;seq_id;varchar(50);SI;commerceSequentialId;https://oms.janis.in/api/order;Completa;wms_orders seq_id;;;Nula: El campo no existe en la nueva fuente de datos.;;;;;;;;;;;;;;;
wms_orders;ecommerce_account;bigint;SI;account.id;https://oms.janis.in/api/order;Completa;wms_orders ecommerce_account;;;TBD (Por Definir): Aún no se ha investigado o requiere confirmación.;;;;;;;;;;;;;;;
wms_orders;seller_id;bigint;SI;seller.id;https://oms.janis.in/api/order;Completa;wms_orders seller_id;;;;;;;;;;;;;;;;;;
wms_orders;seller_ecom_id;varchar(50);SI;seller.commerceId;https://oms.janis.in/api/order;Completa;wms_orders seller_ecom_id;;;;;;;;;;;;;;;;;;
wms_orders;website_name;varchar(100);SI;salesChannelName;https://oms.janis.in/api/order;Completa;wms_orders website_name;;;;;;;;;;;;;;;;;;
wms_orders;customer;bigint;SI;customer.id;https://oms.janis.in/api/order;Completa;wms_orders customer;;;;;;;;;;;;;;;;;;
wms_orders;customer_address;bigint;SI;addresses[].id;https://oms.janis.in/api/order;Parcial;wms_orders customer_address;ID de dirección en array addresses;;;;;;;;;;;;;;;;;
wms_orders;store;bigint;SI;statusPerLocation[].locationId;https://oms.janis.in/api/order;Parcial;wms_orders store;ID de tienda en statusPerLocation;;;;;;;;;;;;;;;;;
wms_orders;sales_channel;smallint;SI;salesChannelId;https://oms.janis.in/api/order;Completa;wms_orders sales_channel;;;;;;;;;;;;;;;;;;
wms_orders;picker;bigint;SI;N/A;https://oms.janis.in/api/order (asumido);Nula;wms_orders picker;pickingResult.pickerId/pickingSession.pickerId (Todavia no esta en prod);;;;;;;;;;;;;;;;;
wms_orders;invoice_date;bigint;SI;invoices[].dateCreated;https://oms.janis.in/api/order;Completa;wms_orders invoice_date;Conversión bigint (timestamp) → ISO 8601;;;;;;;;;;;;;;;;;
wms_orders;invoice_number;varchar(80);SI;invoices[].number;https://oms.janis.in/api/order;Completa;wms_orders invoice_number;;;;;;;;;;;;;;;;;;
wms_orders;invoice_ammount;float(12,2);SI;invoices[].amount;https://oms.janis.in/api/order;Completa;wms_orders invoice_ammount;;;;;;;;;;;;;;;;;;
wms_orders;product_qty;smallint;SI;productsQuantity;https://oms.janis.in/api/order;Completa;wms_orders product_qty;;;;;;;;;;;;;;;;;;
wms_orders;items_qty;smallint;SI;itemsQuantity;https://oms.janis.in/api/order;Completa;wms_orders items_qty;;;;;;;;;;;;;;;;;;
wms_orders;product_qty_picked;smallint;SI;N/A;https://oms.janis.in/api/order (asumido);Nula;wms_orders product_qty_picked;pickingResults[].eanCount;;;;;;;;;;;;;;;;;
wms_orders;items_qty_picked;smallint;SI;N/A;https://oms.janis.in/api/order (asumido);Nula;wms_orders items_qty_picked;pickingResults[].totalQuantity;;;;;;;;;;;;;;;;;
wms_orders;product_substitute_qty;smallint;SI;N/A;https://oms.janis.in/api/order (asumido);Nula;wms_orders product_substitute_qty;pickingResults[].eSustitue;;;;;;;;;;;;;;;;;
wms_orders;items_substitute_qty;smallint;SI;N/A;https://oms.janis.in/api/order (asumido);Nula;wms_orders items_substitute_qty;Revisar en pedido con sustituto;;;;;;;;;;;;;;;;;
wms_orders;product_substituted_qty;smallint;SI;N/A;https://oms.janis.in/api/order (asumido);Nula;wms_orders product_substituted_qty;Revisar en pedido con sustituto;;;;;;;;;;;;;;;;;
wms_orders;items_substituted_qty;smallint;SI;N/A;https://oms.janis.in/api/order (asumido);Nula;wms_orders items_substituted_qty;Revisar en pedido con sustituto;;;;;;;;;;;;;;;;;
wms_orders;product_qty_missing;smallint;SI;N/A;https://oms.janis.in/api/order (asumido);Nula;wms_orders product_qty_missing;Revisar en pedido con sustituto;;;;;;;;;;;;;;;;;
wms_orders;items_qty_missing;smallint;SI;N/A;https://oms.janis.in/api/order (asumido);Nula;wms_orders items_qty_missing;Revisar en pedido con sustituto;;;;;;;;;;;;;;;;;
wms_orders;total;decimal(15,5);SI;totalAmount;https://oms.janis.in/api/order;Completa;wms_orders total;;;;;;;;;;;;;;;;;;
wms_orders;total_items;decimal(15,5);SI;totals.items.amount;https://oms.janis.in/api/order;Completa;wms_orders total_items;;;;;;;;;;;;;;;;;;
wms_orders;total_discount;decimal(15,5);SI;totals.discounts.amount;https://oms.janis.in/api/order;Completa;wms_orders total_discount;;;;;;;;;;;;;;;;;;
wms_orders;total_shipping;decimal(15,5);SI;totals.shipping.amount;https://oms.janis.in/api/order;Completa;wms_orders total_shipping;;;;;;;;;;;;;;;;;;
wms_orders;total_changes;decimal(15,5);SI;N/A;https://oms.janis.in/api/order (asumido);Nula;wms_orders total_changes;totals.items.originalAmount;;;;;;;;;;;;;;;;;
wms_orders;total_original;decimal(15,5);SI;originalAmount;https://oms.janis.in/api/order;Completa;wms_orders total_original;;;;;;;;;;;;;;;;;;
wms_orders;total_items_original;decimal(15,5);SI;N/A;https://oms.janis.in/api/order (asumido);Nula;wms_orders total_items_original;originalAmount;;;;;;;;;;;;;;;;;
wms_orders;amount_to_capture;decimal(15,5);SI;N/A;https://oms.janis.in/api/order (asumido);Nula;wms_orders amount_to_capture;totalAmount;;;;;;;;;;;;;;;;;
wms_orders;items_qty_original;smallint;SI;N/A;https://oms.janis.in/api/order (asumido);Nula;wms_orders items_qty_original;Chequeo por parte de Janis;;;;;;;;;;;;;;;;;
wms_orders;total_shipping_original;decimal(15,5);SI;N/A;https://oms.janis.in/api/order (asumido);Nula;wms_orders total_shipping_original;totals.discounts.originalAmount;;;;;;;;;;;;;;;;;
wms_orders;total_discount_original;decimal(15,5);SI;N/A;https://oms.janis.in/api/order (asumido);Nula;wms_orders total_discount_original;totals.shipping.originalAmount;;;;;;;;;;;;;;;;;
wms_orders;points_card;varchar(30);SI;N/A;https://oms.janis.in/api/order (asumido);Nula;wms_orders points_card;Chequeo por parte de Janis;;;;;;;;;;;;;;;;;
wms_orders;status_vtex;varchar(256);SI;N/A;https://oms.janis.in/api/order (asumido);Nula;wms_orders status_vtex;Chequeo por parte de Janis;;;;;;;;;;;;;;;;;
wms_orders;status;smallint;SI;status;https://oms.janis.in/api/order;Completa;wms_orders status;Mapeo de valores de estado necesario;;;;;;;;;;;;;;;;;
wms_orders;user_created;bigint;SI;userCreated;https://oms.janis.in/api/order;Completa;wms_orders user_created;;;;;;;;;;;;;;;;;;
wms_orders;user_modified;bigint;SI;userModified;https://oms.janis.in/api/order;Completa;wms_orders user_modified;;;;;;;;;;;;;;;;;;
wms_orders;date_created;bigint;SI;dateCreated;https://oms.janis.in/api/order;Completa;wms_orders date_created;Conversión bigint (timestamp) → ISO 8601;;;;;;;;;;;;;;;;;
wms_orders;date_picked;bigint;SI;N/A;https://oms.janis.in/api/order (asumido);Parcial;wms_orders date_picked;steps.picking.dateEnd;;;;;;;;;;;;;;;;;
admins;id;bigint unsigned;SI;id (alfanumerico);https://id.janis.in/api/user/{id};Parcial;Campo existe pero valores diferentes: BD usa ID numérico autoincremental, API v2 usa ID alfanumérico. Cambio conocido V1→V2. No crítico - usar email o employeeId como identificador.;El id es alfanumerico en la API y bigint en la DB;;;;;;;;;;;;;;;;;
admins;employee_id;varchar(50);SI;employeeId;https://id.janis.in/api/user/{id};Completa;Presente en lista y detalle de usuario;;;;;;;;;;;;;;;;;;
admins;firstname;varchar(255);SI;firstname;https://id.janis.in/api/user;Completa;Case-insensitive match. También disponible en /user/{id};;;;;;;;;;;;;;;;;;
admins;lastname;varchar(255);SI;lastname;https://id.janis.in/api/user;Completa;Case-insensitive match. También disponible en /user/{id};;;;;;;;;;;;;;;;;;
admins;email;varchar(255);SI;email;https://id.janis.in/api/user;Completa;Campo único para matcheo. También disponible en /user/{id};;;;;;;;;;;;;;;;;;
admins;username;varchar(255);SI;N/A;https://id.janis.in/api/user/{id};Nula;BRECHA CRÍTICA - No existe en API. Preguntar a Janis por alternativa.;Se concatena firstName y lastName;;;;;;;;;;;;;;;;;
admins;document;varchar(50);SI;documentNumber;https://id.janis.in/api/user;Parcial;Algunos registros tienen valores vacíos (60-80% cobertura). También disponible en /user/{id};Cambio el nombre del campo pero entran los mismos datos;;;;;;;;;;;;;;;;;
wms_order_shipping ;id;bigint unsigned;SI;id;https://oms.janis.in/api/order;Completa;wms_order_shipping  id;;;;;;;;;;;;;;;;;;
wms_order_shipping ;order_id;bigint unsigned;SI;(en shippings array);https://oms.janis.in/api/order;Completa;wms_order_shipping  order_id;Relación con orden padre;;;;;;;;;;;;;;;;;
wms_order_shipping ;city;varchar(255);SI;addresses[].city;https://oms.janis.in/api/order;Parcial;wms_order_shipping  city;Ubicado en addresses array anidado;;;;;;;;;;;;;;;;;
wms_order_shipping ;neighborhood;varchar(255);SI;addresses[].neighborhood;https://oms.janis.in/api/order;Parcial;wms_order_shipping  neighborhood;Ubicado en addresses array anidado;;;;;;;;;;;;;;;;;
wms_order_shipping ;complement;varchar(255);SI;addresses[].complement;https://oms.janis.in/api/order;Parcial;wms_order_shipping  complement;Ubicado en addresses array anidado;;;;;;;;;;;;;;;;;
wms_order_shipping ;lat;decimal(12,9);SI;addresses[].lat;https://oms.janis.in/api/order;Parcial;wms_order_shipping  lat;Ubicado en addresses array anidado;;;;;;;;;;;;;;;;;
wms_order_shipping ;lng;decimal(12,9);SI;addresses[].lng;https://oms.janis.in/api/order;Parcial;wms_order_shipping  lng;Ubicado en addresses array anidado;;;;;;;;;;;;;;;;;
wms_order_shipping ;carrier_id;varchar(50);SI;carrierId;https://oms.janis.in/api/order;Completa;wms_order_shipping  carrier_id;;;;;;;;;;;;;;;;;;
wms_order_shipping ;shipping_window_start;bigint unsigned;SI;deliveryWindow.initialDate;https://oms.janis.in/api/order;Completa;wms_order_shipping  shipping_window_start;Conversión bigint (timestamp) → ISO 8601;;;;;;;;;;;;;;;;;
wms_order_shipping ;shipping_window_end;bigint unsigned;SI;deliveryWindow.finalDate;https://oms.janis.in/api/order;Completa;wms_order_shipping  shipping_window_end;Conversión bigint (timestamp) → ISO 8601;;;;;;;;;;;;;;;;;
wms_order_shipping ;shipped_date_start;bigint;SI;dateModified;https://oms.janis.in/api/order;Parcial;wms_order_shipping  shipped_date_start;Aproximación: fecha de modificación del shipping;;;;;;;;;;;;;;;;;
wms_order_shipping ;shipped_date_end;bigint;SI;dateModified;https://oms.janis.in/api/order;Parcial;wms_order_shipping  shipped_date_end;Aproximación: fecha de modificación del shipping;;;;;;;;;;;;;;;;;
wms_order_shipping ;flags;smallint unsigned;SI;N/A;https://oms.janis.in/api/order;Nula;wms_order_shipping  flags;Chequeo por parte de Janis;;;;;;;;;;;;;;;;;
wms_order_shipping ;linear_distance;decimal(6,1);SI;N/A;https://oms.janis.in/api/order (por confirmar);Nula;wms_order_shipping  linear_distance;Chequeo por parte de Janis;;;;;;;;;;;;;;;;;
wms_logistic_carriers;id;bigint unsigned;SI;[].id;https://delivery.janis.in/api/carrier;Completa;wms_logistic_carriers id;ID del carrier en API;;;;;;;;;;;;;;;;;
wms_logistic_carriers;ref_id;varchar(50);SI;[].refId;https://delivery.janis.in/api/carrier;Completa;wms_logistic_carriers ref_id;Código de referencia del carrier;;;;;;;;;;;;;;;;;
wms_logistic_carriers;name;varchar(255);SI;[].name;https://delivery.janis.in/api/carrier;Completa;wms_logistic_carriers name;Nombre del carrier;;;;;;;;;;;;;;;;;
wms_logistic_carriers;type;varchar(255);SI;N/A;https://delivery.janis.in/api/carrier;Nula;wms_logistic_carriers type;shippingType;;;;;;;;;;;;;;;;;
wms_logistic_carriers;quota;smallint unsigned;SI;N/A;https://delivery.janis.in/api/carrier;Nula;wms_logistic_carriers quota;defaultShippingQuantity;;;;;;;;;;;;;;;;;
wms_logistic_carriers;status;smallint;SI;[].status;https://delivery.janis.in/api/carrier;Completa;wms_logistic_carriers status;Estado del carrier: active o inactive;;;;;;;;;;;;;;;;;
wms_order_items;id;bigint unsigned;SI;items[].id;GET https://oms.janis.in/api/order/{id};Completa;wms_order_items id;;;;;;;;;;;;;;;;;;
wms_order_items;order_id;bigint;SI;id (orden padre);GET https://oms.janis.in/api/order/{id};Completa;wms_order_items order_id;;;;;;;;;;;;;;;;;;
wms_order_items;substitute_of;bigint unsigned;SI;items[].pickingResult[].substituteOf;GET https://oms.janis.in/api/order/{id};Parcial;wms_order_items substitute_of;Disponible en pickingResult después del picking;;;;;;;;;;;;;;;;;
wms_order_items;sku;bigint unsigned;SI;items[].skuId;GET https://oms.janis.in/api/order/{id};Completa;wms_order_items sku;;;;;;;;;;;;;;;;;;
wms_order_items;product;bigint unsigned;SI;items[].commerceProductId;GET https://oms.janis.in/api/order/{id};Completa;wms_order_items product;;;;;;;;;;;;;;;;;;
wms_order_items;ref_id;varchar(50);SI;items[].refId;GET https://oms.janis.in/api/order/{id};Completa;wms_order_items ref_id;;;;;;;;;;;;;;;;;;
wms_order_items;name;varchar(100);SI;items[].name;GET https://oms.janis.in/api/order/{id};Completa;wms_order_items name;;;;;;;;;;;;;;;;;;
wms_order_items;list_price;float(12,2) unsigned;SI;items[].purchasedListPrice;GET https://oms.janis.in/api/order/{id};Completa;wms_order_items list_price;;;;;;;;;;;;;;;;;;
wms_order_items;price;float(12,2) unsigned;SI;items[].purchasedPrice;GET https://oms.janis.in/api/order/{id};Completa;wms_order_items price;;;;;;;;;;;;;;;;;;
wms_order_items;selling_price;decimal(15,5) unsigned;SI;N/A;https://oms.janis.in/api/order/;Nula;wms_order_items selling_price;pickingResult[].price;;;;;;;;;;;;;;;;;
wms_order_items;selling_price_original;decimal(15,5) unsigned;SI;N/A;https://oms.janis.in/api/order/;Nula;wms_order_items selling_price_original;items[].purchasedPrice;;;;;;;;;;;;;;;;;
wms_order_items;quantity;smallint unsigned;SI;items[].purchasedQuantity;GET https://oms.janis.in/api/order/{id};Completa;wms_order_items quantity;;;;;;;;;;;;;;;;;;
wms_order_items;quantity_picked;smallint unsigned;SI;items[].pickingResult[].quantity;GET https://oms.janis.in/api/order/{id};Parcial;wms_order_items quantity_picked;Disponible en pickingResult después del picking;;;;;;;;;;;;;;;;;
wms_order_items;quantity_invoiced;smallint unsigned;SI;items[].invoicedQuantity;GET https://oms.janis.in/api/order/{id};Parcial;wms_order_items quantity_invoiced;Disponible después de facturación;;;;;;;;;;;;;;;;;
wms_order_items;quantity_returned;smallint unsigned;SI;items[].returnedQuantity;GET https://oms.janis.in/api/order/{id};Parcial;wms_order_items quantity_returned;Disponible si hay devoluciones;;;;;;;;;;;;;;;;;
wms_order_items;substitute_type;tinyint unsigned;SI;items[].pickingResult[].type;GET https://oms.janis.in/api/order/{id};Parcial;wms_order_items substitute_type;Disponible en pickingResult (original/substitute/candidate);;;;;;;;;;;;;;;;;
wms_order_items;measurement_unit;varchar(5);SI;items[].sellingMeasurementUnit;GET https://oms.janis.in/api/order/{id};Completa;wms_order_items measurement_unit;;;;;;;;;;;;;;;;;;
wms_order_items;unit_multiplier;float(7,5) unsigned;SI;items[].sellingUnitMultiplier;GET https://oms.janis.in/api/order/{id};Completa;wms_order_items unit_multiplier;;;;;;;;;;;;;;;;;;
wms_order_item_weighables;id;bigint unsigned;SI;N/A;https://oms.janis.in/api/order/{id};Nula;wms_order_item_weighables id;Chequeo por parte de Janis;;;;;;;;;;;;;;;;;
wms_order_item_weighables;order_id;bigint unsigned;SI;id (orden padre);https://oms.janis.in/api/order/{id};Completa;wms_order_item_weighables order_id;ID de la orden que contiene el item;;;;;;;;;;;;;;;;;
wms_order_item_weighables;order_item;bigint unsigned;SI;items[].id;https://oms.janis.in/api/order/{id};Completa;wms_order_item_weighables order_item;ID del item dentro del array items[];;;;;;;;;;;;;;;;;
wms_order_item_weighables;weight;int unsigned;SI;items[].dimensions.weight;https://oms.janis.in/api/order/{id};Completa;wms_order_item_weighables weight;Peso estimado del producto;;;;;;;;;;;;;;;;;
wms_order_item_weighables;weight_picked;decimal(15,3);SI;items[].pickingResult.weight;https://oms.janis.in/api/order/{id};Parcial;wms_order_item_weighables weight_picked;Solo disponible después del picking, para items con isPrepacked=true;;;;;;;;;;;;;;;;;
wms_order_item_weighables;price;decimal(15,5) unsigned;SI;items[].purchasedPrice;https://oms.janis.in/api/order/{id};Completa;wms_order_item_weighables price;Precio del item;;;;;;;;;;;;;;;;;
wms_order_item_weighables;quantity;smallint;SI;items[].pickingResult.quantity;https://oms.janis.in/api/order/{id};Parcial;wms_order_item_weighables quantity;Solo disponible después del picking;;;;;;;;;;;;;;;;;
wms_order_status_changes;order_id;bigint unsigned;SI;N/A (inferido del endpoint);https://oms.janis.in/api/order/{id};Parcial;wms_order_status_changes order_id;id;;;;;;;;;;;;;;;;;
wms_order_status_changes;extra;text;SI;customData;https://oms.janis.in/api/order/{id}/history;Parcial;wms_order_status_changes extra;Objeto JSON en API, text en BD;;;;;;;;;;;;;;;;;
wms_order_status_changes;old_status;int;SI;N/A;https://oms.janis.in/api/order/{id}/history;Nula;wms_order_status_changes old_status;Chequeo por parte de Janis;;;;;;;;;;;;;;;;;
wms_order_status_changes;new_status;int;SI;name;https://oms.janis.in/api/order/{id}/history;Parcial;wms_order_status_changes new_status;API usa strings (new, needsIntervention), BD usa números;;;;;;;;;;;;;;;;;
wms_order_status_changes;user_created;bigint;SI;userCreated;https://oms.janis.in/api/order/{id}/history;Parcial;wms_order_status_changes user_created;Puede ser null en API;;;;;;;;;;;;;;;;;
wms_order_status_changes;date_created;bigint;SI;dateCreated;https://oms.janis.in/api/order/{id}/history;Parcial;wms_order_status_changes date_created;Conversión ISO 8601 → Unix timestamp;;;;;;;;;;;;;;;;;
wms_stores;id;bigint;SI;id;https://commerce.janis.in/api/stores;Completa;wms_stores id;ID interno de Janis;;;;;;;;;;;;;;;;;
wms_stores;title;varchar(255);SI;title;https://commerce.janis.in/api/stores;Completa;wms_stores title;Nombre de la tienda;;;;;;;;;;;;;;;;;
wms_stores;name;varchar(255);SI;name;https://commerce.janis.in/api/stores;Completa;wms_stores name;Nombre de la tienda (redundante con title);;;;;;;;;;;;;;;;;
wms_stores;ref_id;varchar(10);SI;refId;https://commerce.janis.in/api/stores;Completa;wms_stores ref_id;ID de referencia externa;;;;;;;;;;;;;;;;;
wms_stores;erp_id;varchar(50);SI;erpId;https://commerce.janis.in/api/stores;Completa;wms_stores erp_id;Posiblemente mapeado a referenceId;;;;;;;;;;;;;;;;;
wms_stores;code;varchar(50);SI;code;https://commerce.janis.in/api/stores;Completa;wms_stores code;Posiblemente mapeado a referenceId;;;;;;;;;;;;;;;;;
wms_stores;sales_channel;int unsigned;SI;salesChannel;https://commerce.janis.in/api/stores;Completa;wms_stores sales_channel;❌ BRECHA: No visible en schema Store. Verificar si está en SalesChannel service;;;;;;;;;;;;;;;;;
wms_stores;ecommerce_account_id;bigint;SI;ecommerceAccountId;https://commerce.janis.in/api/stores;Completa;wms_stores ecommerce_account_id;❌ BRECHA: No visible en schema Store;;;;;;;;;;;;;;;;;
wms_stores;country;bigint unsigned;SI;country;https://commerce.janis.in/api/stores;Completa;wms_stores country;API devuelve ISO3 (ej: PER), BD usa ID numérico;;;;;;;;;;;;;;;;;
wms_stores;street_name;varchar(255);SI;streetName;https://commerce.janis.in/api/stores;Completa;wms_stores street_name;Requiere navegar a objeto location;;;;;;;;;;;;;;;;;
wms_stores;street_number;varchar(50);SI;streetNumber;https://commerce.janis.in/api/stores;Completa;wms_stores street_number;Requiere navegar a objeto location;;;;;;;;;;;;;;;;;
wms_stores;postal_code;varchar(10);SI;postalCode;https://commerce.janis.in/api/stores;Completa;wms_stores postal_code;Requiere navegar a objeto location;;;;;;;;;;;;;;;;;
wms_stores;city;varchar(255);SI;city;https://commerce.janis.in/api/stores;Completa;wms_stores city;Requiere navegar a objeto location;;;;;;;;;;;;;;;;;
wms_stores;state;varchar(255);SI;state;https://commerce.janis.in/api/stores;Completa;wms_stores state;Requiere navegar a objeto location;;;;;;;;;;;;;;;;;
wms_stores;neighborhood;varchar(255);SI;neighborhood;https://commerce.janis.in/api/stores;Completa;wms_stores neighborhood;Requiere navegar a objeto location;;;;;;;;;;;;;;;;;
wms_stores;lat;decimal(12,9);SI;lat;https://commerce.janis.in/api/stores;Completa;wms_stores lat;Conversión decimal(12,9) → number;;;;;;;;;;;;;;;;;
wms_stores;lng;decimal(12,9);SI;lng;https://commerce.janis.in/api/stores;Completa;wms_stores lng;Conversión decimal(12,9) → number;;;;;;;;;;;;;;;;;
wms_stores;phone;varchar(50);SI;phone;https://commerce.janis.in/api/stores;Completa;wms_stores phone;Teléfono de contacto;;;;;;;;;;;;;;;;;
wms_stores;apply_quotation;tinyint(1);SI;applyQuotation;https://commerce.janis.in/api/stores;Completa;wms_stores apply_quotation;Conversión tinyint(1) → boolean;;;;;;;;;;;;;;;;;
wms_stores;status;tinyint;SI;status;https://commerce.janis.in/api/stores;Completa;wms_stores status;active/inactive;;;;;;;;;;;;;;;;;
wms_stores;complement;varchar(255);SI;complement;https://commerce.janis.in/api/stores;Completa;wms_stores complement;Información adicional de dirección;;;;;;;;;;;;;;;;;
wms_stores;date_modified;bigint;SI;dateModified;https://commerce.janis.in/api/stores;Completa;wms_stores date_modified;Conversión bigint (timestamp) → ISO 8601;;;;;;;;;;;;;;;;;
wms_stores;date_created;bigint;SI;dateCreated;https://commerce.janis.in/api/stores;Completa;wms_stores date_created;Conversión bigint (timestamp) → ISO 8601;;;;;;;;;;;;;;;;;
wms_logistic_delivery_planning;id;bigint unsigned;SI;[].id;https://tms.janis.in/api/route-planning;Completa;wms_logistic_delivery_planning id;ID de la planificación de ruta;;;;;;;;;;;;;;;;;
wms_logistic_delivery_planning;store;bigint unsigned;SI;[].warehouseIds[];https://tms.janis.in/api/route-planning;Completa;wms_logistic_delivery_planning store;Array de IDs de warehouses en la planificación;;;;;;;;;;;;;;;;;
wms_logistic_delivery_planning;carrier;bigint unsigned;SI;N/A;https://delivery.janis.in/api/carrier;Parcial;wms_logistic_delivery_planning carrier;Chequeo por parte de Janis;;;;;;;;;;;;;;;;;
wms_logistic_delivery_planning;delivery_range;bigint unsigned;SI;[].schedule;https://tms.janis.in/api/route-planning;Parcial;wms_logistic_delivery_planning delivery_range;Ahora es objeto schedule con from/to en lugar de ID;;;;;;;;;;;;;;;;;
wms_logistic_delivery_planning;quantity;smallint unsigned;SI;[].totals.shippingCount;https://tms.janis.in/api/route-planning;Completa;wms_logistic_delivery_planning quantity;Total de envíos en la planificación;;;;;;;;;;;;;;;;;
wms_logistic_delivery_planning;dynamic_quota;smallint;SI;N/A;N/A;Nula;wms_logistic_delivery_planning dynamic_quota;Chequeo por parte de Janis;;;;;;;;;;;;;;;;;
wms_logistic_delivery_planning;quota;smallint unsigned;SI;N/A;https://tms.janis.in/api/route-capacity-slot;Parcial;wms_logistic_delivery_planning quota;Chequeo por parte de Janis;;;;;;;;;;;;;;;;;
wms_logistic_delivery_planning;quantity_new;int unsigned;SI;N/A;N/A;Nula;wms_logistic_delivery_planning quantity_new;Chequeo por parte de Janis;;;;;;;;;;;;;;;;;
wms_logistic_delivery_planning;quantity_picking;int unsigned;SI;N/A;N/A;Nula;wms_logistic_delivery_planning quantity_picking;Chequeo por parte de Janis;;;;;;;;;;;;;;;;;
wms_logistic_delivery_planning;quantity_picked;int unsigned;SI;N/A;N/A;Nula;wms_logistic_delivery_planning quantity_picked;Chequeo por parte de Janis;;;;;;;;;;;;;;;;;
wms_logistic_delivery_planning;quantity_invoiced;int unsigned;SI;N/A;N/A;Nula;wms_logistic_delivery_planning quantity_invoiced;Chequeo por parte de Janis;;;;;;;;;;;;;;;;;
wms_logistic_delivery_planning;quantity_shipped;int unsigned;SI;N/A;N/A;Nula;wms_logistic_delivery_planning quantity_shipped;Chequeo por parte de Janis;;;;;;;;;;;;;;;;;
wms_logistic_delivery_planning;quantity_delivered;int unsigned;SI;N/A;N/A;Nula;wms_logistic_delivery_planning quantity_delivered;Chequeo por parte de Janis;;;;;;;;;;;;;;;;;
wms_logistic_delivery_planning;offset;float(12,2) unsigned;SI;N/A;https://delivery.janis.in/api/carrier;Nula;wms_logistic_delivery_planning offset;Chequeo por parte de Janis;;;;;;;;;;;;;;;;;
wms_logistic_delivery_planning;offset_start;float(12,2) unsigned;SI;N/A;https://delivery.janis.in/api/carrier;Nula;wms_logistic_delivery_planning offset_start;Chequeo por parte de Janis;;;;;;;;;;;;;;;;;
wms_logistic_delivery_planning;date_start;bigint unsigned;SI;[].schedule.from;https://tms.janis.in/api/route-planning;Completa;wms_logistic_delivery_planning date_start;Fecha inicio del schedule en formato ISO 8601;;;;;;;;;;;;;;;;;
wms_logistic_delivery_planning;date_end;bigint unsigned;SI;[].schedule.to;https://tms.janis.in/api/route-planning;Completa;wms_logistic_delivery_planning date_end;Fecha fin del schedule en formato ISO 8601;;;;;;;;;;;;;;;;;
wms_logistic_delivery_planning;edited;tinyint unsigned;SI;N/A;N/A;Nula;wms_logistic_delivery_planning edited;Chequeo por parte de Janis;;;;;;;;;;;;;;;;;
wms_logistic_delivery_planning;is_blocked;tinyint(1);SI;N/A;https://delivery.janis.in/api/carrier-group-time-slot;Parcial;wms_logistic_delivery_planning is_blocked;Chequeo por parte de Janis;;;;;;;;;;;;;;;;;
wms_logistic_delivery_planning;block_origin;smallint unsigned;SI;N/A;N/A;Nula;wms_logistic_delivery_planning block_origin;Chequeo por parte de Janis;;;;;;;;;;;;;;;;;
wms_logistic_delivery_planning;block_date;bigint unsigned;SI;N/A;N/A;Nula;wms_logistic_delivery_planning block_date;Chequeo por parte de Janis;;;;;;;;;;;;;;;;;
wms_logistic_delivery_planning;block_quota;smallint unsigned;SI;N/A;N/A;Nula;wms_logistic_delivery_planning block_quota;Chequeo por parte de Janis;;;;;;;;;;;;;;;;;
wms_logistic_delivery_planning;block_offset;smallint unsigned;SI;N/A;N/A;Nula;wms_logistic_delivery_planning block_offset;Chequeo por parte de Janis;;;;;;;;;;;;;;;;;
wms_logistic_delivery_planning;status;tinyint unsigned;SI;[].status;https://tms.janis.in/api/route-planning;Completa;wms_logistic_delivery_planning status;Estado: processing, pendingConfirmation, cancelled, etc.;;;;;;;;;;;;;;;;;
wms_logistic_delivery_planning;date_created;bigint;SI;[].dateCreated;https://tms.janis.in/api/route-planning;Completa;wms_logistic_delivery_planning date_created;Fecha de creación en formato ISO 8601;;;;;;;;;;;;;;;;;
wms_logistic_delivery_planning;date_modified;bigint;SI;[].dateModified;https://tms.janis.in/api/route-planning;Completa;wms_logistic_delivery_planning date_modified;Fecha de modificación en formato ISO 8601;;;;;;;;;;;;;;;;;
wms_logistic_delivery_ranges;id;bigint unsigned;SI;id;https://delivery.janis.in/api/time-slot;Completa;wms_logistic_delivery_ranges id;;;;;;;;;;;;;;;;;;
wms_logistic_delivery_ranges;ref_id;varchar(100);SI;referenceId;https://delivery.janis.in/api/time-slot;Completa;wms_logistic_delivery_ranges ref_id;;;;;;;;;;;;;;;;;;
wms_logistic_delivery_ranges;carrier;bigint unsigned;SI;carrierId;https://delivery.janis.in/api/time-slot;Completa;wms_logistic_delivery_ranges carrier;;;;;;;;;;;;;;;;;;
wms_logistic_delivery_ranges;time_start;char(5);SI;initialTime;https://delivery.janis.in/api/time-slot;Completa;wms_logistic_delivery_ranges time_start;Formato HH:MM;;;;;;;;;;;;;;;;;
wms_logistic_delivery_ranges;time_end;char(5);SI;finalTime;https://delivery.janis.in/api/time-slot;Completa;wms_logistic_delivery_ranges time_end;Formato HH:MM;;;;;;;;;;;;;;;;;
wms_logistic_delivery_ranges;status;smallint;SI;status;https://delivery.janis.in/api/time-slot;Completa;wms_logistic_delivery_ranges status;;;;;;;;;;;;;;;;;;
wms_order_payments;id;bigint unsigned;SI;payments[].id;GET https://oms.janis.in/api/order/{id};Completa;wms_order_payments id;;;;;;;;;;;;;;;;;;
wms_order_payments;order_id;bigint unsigned;SI;id (orden padre);GET https://oms.janis.in/api/order/{id};Completa;wms_order_payments order_id;;;;;;;;;;;;;;;;;;
wms_order_payments;tid;varchar(100);SI;payments[].tid;GET https://oms.janis.in/api/order/{id};Completa;wms_order_payments tid;;;;;;;;;;;;;;;;;;
wms_order_payments;payment_system;varchar(50);SI;payments[].paymentSystemCommerceId;GET https://oms.janis.in/api/order/{id};Completa;wms_order_payments payment_system;;;;;;;;;;;;;;;;;;
wms_order_payments;payment_system_name;varchar(100);SI;payments[].paymentSystemName;GET https://oms.janis.in/api/order/{id};Completa;wms_order_payments payment_system_name;;;;;;;;;;;;;;;;;;
wms_order_payments;payment_group;varchar(100);SI;payments[].paymentGroup;GET https://oms.janis.in/api/order/{id};Completa;wms_order_payments payment_group;;;;;;;;;;;;;;;;;;
wms_order_payments;cc_bank;varchar(50);SI;payments[].acquirer;GET https://oms.janis.in/api/order/{id};Parcial;wms_order_payments cc_bank;Campo acquirer puede contener banco adquirente;;;;;;;;;;;;;;;;;
wms_order_payments;cc_brand;varchar(50);SI;payments[].paymentSystemName;GET https://oms.janis.in/api/order/{id};Parcial;wms_order_payments cc_brand;Marca de tarjeta en paymentSystemName (Visa, Mastercard, etc);;;;;;;;;;;;;;;;;
wms_order_payments;cc_type;varchar(50);SI;payments[].paymentGroup;GET https://oms.janis.in/api/order/{id};Parcial;wms_order_payments cc_type;Tipo de tarjeta en paymentGroup (Credit Card, Debit Card);;;;;;;;;;;;;;;;;
wms_order_payments;auth_id;varchar(255);SI;payments[].authorizationId;GET https://oms.janis.in/api/order/{id};Completa;wms_order_payments auth_id;;;;;;;;;;;;;;;;;;
wms_order_payments;authorization_code;varchar(100);SI;N/A;N/A;Nula;wms_order_payments authorization_code;Chequeo por parte de Janis;;;;;;;;;;;;;;;;;
wms_order_payments_connector_responses;id;bigint unsigned;SI;N/A (generado en ETL);https://oms.janis.in/api/order;Completa;wms_order_payments_connector_responses id;Chequeo por parte de Janis;;;;;;;;;;;;;;;;;
wms_order_payments_connector_responses;payment_id;bigint unsigned;SI;payments[].id;https://oms.janis.in/api/order;Completa;wms_order_payments_connector_responses payment_id;ID del payment al que pertenece la respuesta;;;;;;;;;;;;;;;;;
wms_order_payments_connector_responses;parent;bigint unsigned;SI;N/A;https://oms.janis.in/api/order;Completa;wms_order_payments_connector_responses parent;Chequeo por parte de Janis;;;;;;;;;;;;;;;;;
wms_order_payments_connector_responses;field;varchar(255);SI;payments[].connectorResponses.{key};https://oms.janis.in/api/order;Completa;wms_order_payments_connector_responses field;Nombre del campo (key del objeto JSON);;;;;;;;;;;;;;;;;
wms_order_payments_connector_responses;value;text;SI;payments[].connectorResponses.{value};https://oms.janis.in/api/order;Completa;wms_order_payments_connector_responses value;Valor del campo (value del objeto JSON);;;;;;;;;;;;;;;;;
wms_order_custom_data_fields;id;bigint unsigned;SI;N/A (generado en ETL);https://oms.janis.in/api/order;Completa;wms_order_custom_data_fields id;Chequeo por parte de Janis;;;;;;;;;;;;;;;;;
wms_order_custom_data_fields;order_id;bigint unsigned;SI;id;https://oms.janis.in/api/order;Completa;wms_order_custom_data_fields order_id;ID de la orden;;;;;;;;;;;;;;;;;
wms_order_custom_data_fields;app_id;varchar(100);SI;customData.{appId};https://oms.janis.in/api/order;Completa;wms_order_custom_data_fields app_id;Key del primer nivel de customData (ej: mega-integracion, vtex);;;;;;;;;;;;;;;;;
wms_order_custom_data_fields;field;varchar(100);SI;customData.{appId}.{field};https://oms.janis.in/api/order;Completa;wms_order_custom_data_fields field;Key del segundo nivel (ej: tipoEntregaSticker);;;;;;;;;;;;;;;;;
wms_order_custom_data_fields;value;text;SI;customData.{appId}.{field}.value;https://oms.janis.in/api/order;Completa;wms_order_custom_data_fields value;Value del campo personalizado;;;;;;;;;;;;;;;;;
products;id;bigint unsigned;SI;id;https://catalog.janis.in/api/product;Parcial;products id;Conversión bigint → string, valores diferentes por diseño;;;;;;;;;;;;;;;;;
products;ref_id;varchar(100);SI;referenceId;https://catalog.janis.in/api/product;Completa;products ref_id;;;;;;;;;;;;;;;;;;
products;vtex_id;bigint unsigned;SI;commerceId;https://catalog.janis.in/api/product;Completa;products vtex_id;ID de VTEX;;;;;;;;;;;;;;;;;
products;ref_code;varchar(100);SI;code;https://catalog.janis.in/api/product;Parcial;products ref_code;Requiere confirmación del campo exacto en API;;;;;;;;;;;;;;;;;
products;name;varchar(150);SI;name;https://catalog.janis.in/api/product;Completa;products name;;;;;;;;;;;;;;;;;;
products;alt_name;varchar(150);SI;N/A;https://catalog.janis.in/api/product;Nula;products alt_name;Chequeo por parte de Janis;;;;;;;;;;;;;;;;;
products;erp_category;bigint unsigned;SI;N/A;https://catalog.janis.in/api/product;Nula;products erp_category;Chequeo por parte de Janis;;;;;;;;;;;;;;;;;
products;category;bigint unsigned;SI;categoryId;https://catalog.janis.in/api/product;Completa;products category;Conversión bigint → string;;;;;;;;;;;;;;;;;
products;erp_brand;bigint unsigned;SI;N/A;https://catalog.janis.in/api/product;Nula;products erp_brand;Chequeo por parte de Janis;;;;;;;;;;;;;;;;;
products;brand;bigint unsigned;SI;brandId;https://catalog.janis.in/api/product;Completa;products brand;Conversión bigint → string;;;;;;;;;;;;;;;;;
products;supplier;bigint unsigned;SI;N/A;https://catalog.janis.in/api/product;Nula;products supplier;Chequeo por parte de Janis;;;;;;;;;;;;;;;;;
products;description;text;SI;description;https://catalog.janis.in/api/product;Completa;products description;;;;;;;;;;;;;;;;;;
products;description_short;varchar(255);SI;shortDescription;https://catalog.janis.in/api/product;Parcial;products description_short;Requiere confirmación del campo exacto;;;;;;;;;;;;;;;;;
products;infinite_stock;tinyint(1);SI;hasInfiniteStock;https://catalog.janis.in/api/product;Parcial;products infinite_stock;Conversión tinyint(1) → boolean, requiere confirmación;;;;;;;;;;;;;;;;;
products;sales_channels;varchar(255);SI;N/A;https://catalog.janis.in/api/product;Nula;products sales_channels;Chequeo por parte de Janis;;;;;;;;;;;;;;;;;
products;cart_limit;int unsigned;SI;N/A;https://catalog.janis.in/api/product;Nula;products cart_limit;Chequeo por parte de Janis;;;;;;;;;;;;;;;;;
products;min_stock;int;SI;N/A;https://catalog.janis.in/api/product;Nula;products min_stock;Chequeo por parte de Janis;;;;;;;;;;;;;;;;;
products;status;bigint;SI;status;https://catalog.janis.in/api/product;Completa;products status;Conversión tinyint → string;;;;;;;;;;;;;;;;;
products;date_modified;bigint;SI;dateModified;https://catalog.janis.in/api/product;Completa;products date_modified;Conversión bigint timestamp → ISO 8601;;;;;;;;;;;;;;;;;
products;user_modified;bigint unsigned;SI;userModified;https://catalog.janis.in/api/product;Completa;products user_modified;Conversión bigint → string;;;;;;;;;;;;;;;;;
skus;id;bigint unsigned;SI;id;GET https://catalog.janis.in/api/sku;Completa;Conversión bigint → string;Conversión bigint → string;;;;;;;;;;;;;;;;;
skus;ord;int unsigned;SI;N/A;GET https://catalog.janis.in/api/sku;Parcial;Campo de ordenamiento, puede derivarse del orden en respuesta;Chequeo por parte de Janis;;;;;;;;;;;;;;;;;
skus;ref_id;varchar(100);SI;referenceId;GET https://catalog.janis.in/api/sku;Completa;ID de referencia del SKU;ID de referencia del SKU;;;;;;;;;;;;;;;;;
skus;vtex_id;int unsigned;SI;commerceId;GET https://catalog.janis.in/api/sku;Completa;ID del sistema de comercio (VTEX);ID del sistema de comercio (VTEX);;;;;;;;;;;;;;;;;
skus;stock_erp_id;varchar(50);SI;attributes[?];GET https://catalog.janis.in/api/sku/{id}/attribute;Parcial;Posiblemente en atributos personalizados - requiere consulta adicional;Posiblemente en atributos personalizados - requiere consulta adicional;;;;;;;;;;;;;;;;;
skus;ean;varchar(65);SI;eans[0];GET https://catalog.janis.in/api/sku;Completa;API soporta múltiples EANs (array), tomar primer elemento;API soporta múltiples EANs (array), tomar primer elemento;;;;;;;;;;;;;;;;;
skus;product;bigint unsigned;SI;product;GET https://catalog.janis.in/api/sku;Completa;ID del producto padre;ID del producto padre;;;;;;;;;;;;;;;;;
skus;name;varchar(150);SI;name;GET https://catalog.janis.in/api/sku;Completa;Nombre del SKU;Nombre del SKU;;;;;;;;;;;;;;;;;
skus;alt_name;varchar(150);SI;attributes[?];GET https://catalog.janis.in/api/sku/{id}/attribute;Parcial;Nombre alternativo, posiblemente en atributos personalizados;Nombre alternativo, posiblemente en atributos personalizados;;;;;;;;;;;;;;;;;
skus;height;float(8,2) unsigned;SI;measures.height;GET https://catalog.janis.in/api/sku;Completa;Altura en objeto anidado measures;Altura en objeto anidado measures;;;;;;;;;;;;;;;;;
skus;length;float(8,2) unsigned;SI;measures.depth;GET https://catalog.janis.in/api/sku;Completa;"API usa ""depth"" en lugar de ""length""";"API usa ""depth"" en lugar de ""length""";;;;;;;;;;;;;;;;;
skus;width;float(8,2) unsigned;SI;measures.width;GET https://catalog.janis.in/api/sku;Completa;Ancho en objeto anidado measures;Ancho en objeto anidado measures;;;;;;;;;;;;;;;;;
skus;weight;float(8,2) unsigned;SI;measures.weight;GET https://catalog.janis.in/api/sku;Completa;Peso en objeto anidado measures;Peso en objeto anidado measures;;;;;;;;;;;;;;;;;
skus;shipment_packages;bigint;SI;packageMeasures;GET https://catalog.janis.in/api/sku;Completa;Objeto completo con medidas de paquete (height, width, depth, weight);Objeto completo con medidas de paquete (height, width, depth, weight);;;;;;;;;;;;;;;;;
skus;measurement_unit;bigint unsigned;SI;measurementUnit;GET https://catalog.janis.in/api/sku;Completa;API devuelve código, BD almacena ID (requiere catálogo de unidades);API devuelve código, BD almacena ID (requiere catálogo de unidades);;;;;;;;;;;;;;;;;
skus;measurement_unit_un;bigint unsigned;SI;sellingMeasurementUnit;GET https://catalog.janis.in/api/sku;Completa;Unidad de medida de venta;Unidad de medida de venta;;;;;;;;;;;;;;;;;
skus;unit_multiplier;float(7,5) unsigned;SI;unitMultiplier;GET https://catalog.janis.in/api/sku;Completa;Multiplicador de unidad real;Multiplicador de unidad real;;;;;;;;;;;;;;;;;
skus;unit_multiplier_un;float(12,5) unsigned;SI;sellingUnitMultiplier;GET https://catalog.janis.in/api/sku;Completa;Multiplicador de unidad de venta;Multiplicador de unidad de venta;;;;;;;;;;;;;;;;;
skus;eta;varchar(10);SI;expirationDays;GET https://catalog.janis.in/api/sku;Completa;Días de expiración del producto;Días de expiración del producto;;;;;;;;;;;;;;;;;
skus;picking_unit;smallint unsigned;SI;measurementUnit (derivado);GET https://catalog.janis.in/api/sku;Parcial;Puede derivarse de measurementUnit o sellingMeasurementUnit;Puede derivarse de measurementUnit o sellingMeasurementUnit;;;;;;;;;;;;;;;;;
skus;cart_limit;int unsigned;SI;TBD;TBD;Parcial;Límite de unidades en carrito - requiere investigación;Límite de unidades en carrito - requiere investigación;;;;;;;;;;;;;;;;;
skus;stock_base_measurement_unit;bigint unsigned;SI;measurementUnit;GET https://catalog.janis.in/api/sku;Parcial;Puede ser el mismo que measurement_unit;Puede ser el mismo que measurement_unit;;;;;;;;;;;;;;;;;
skus;pack_units;smallint unsigned;SI;attributes[?];GET https://catalog.janis.in/api/sku/{id}/attribute;Parcial;Unidades por paquete, posiblemente en atributos;Unidades por paquete, posiblemente en atributos;;;;;;;;;;;;;;;;;
skus;legal_measurement_unit;varchar(5);SI;N/A;GET https://catalog.janis.in/api/sku;Nula;❌ BRECHA CRÍTICA: Unidad de medida legal para facturación - Escalar a Janis;Chequeo por parte de Janis;;;;;;;;;;;;;;;;;
skus;legal_unit_multiplier;float(8,3);SI;N/A;GET https://catalog.janis.in/api/sku;Nula;❌ BRECHA CRÍTICA: Multiplicador de unidad legal - Escalar a Janis;Chequeo por parte de Janis;;;;;;;;;;;;;;;;;
skus;min_stock;int unsigned;SI;N/A;GET https://catalog.janis.in/api/sku;Nula;❌ BRECHA MEDIA: Stock mínimo para reposición - Verificar en WMS service;Chequeo por parte de Janis;;;;;;;;;;;;;;;;;
skus;modal;bigint unsigned;SI;modalType;GET https://catalog.janis.in/api/sku;Completa;Enum: mattresses, electronics, whiteLine, liquid, furniture, tires, chemical, refrigerated, glass, whiteGoods;Enum: mattresses, electronics, whiteLine, liquid, furniture, tires, chemical, refrigerated, glass, whiteGoods;;;;;;;;;;;;;;;;;
skus;base_price;float(12,2) unsigned;SI;N/A;GET https://catalog.janis.in/api/sku;Nula;❌ BRECHA CRÍTICA: Precio base del SKU - Solicitar endpoint GET /price a Janis;Chequeo por parte de Janis;;;;;;;;;;;;;;;;;
skus;status;bigint;SI;status;GET https://catalog.janis.in/api/sku;Completa;Estado del SKU;Estado del SKU;;;;;;;;;;;;;;;;;
skus;flags_client;int unsigned;SI;N/A;GET https://catalog.janis.in/api/sku;Nula;❌ BRECHA BAJA: Flags de configuración del cliente - Posiblemente campo interno;Chequeo por parte de Janis;;;;;;;;;;;;;;;;;
skus;manufacturer_code;varchar(100);SI;manufacturerCode;GET https://catalog.janis.in/api/sku;Completa;Código del fabricante;Código del fabricante;;;;;;;;;;;;;;;;;
skus;date_created;bigint;SI;dateCreated;GET https://catalog.janis.in/api/sku;Completa;Conversión timestamp Unix → ISO 8601;Conversión timestamp Unix → ISO 8601;;;;;;;;;;;;;;;;;
categories;id;bigint;SI;id;https://catalog.janis.in/api/category;Parcial;categories id;Conversión bigint → string, valores diferentes por diseño;;;;;;;;;;;;;;;;;
categories;ref_id;int;SI;referenceId;https://catalog.janis.in/api/category;Completa;categories ref_id;Conversión int → string;;;;;;;;;;;;;;;;;
categories;name;varchar(100);SI;name;https://catalog.janis.in/api/category;Completa;categories name;;;;;;;;;;;;;;;;;;
categories;ref_parent;int unsigned;SI;parentId;https://catalog.janis.in/api/category;Completa;categories ref_parent;Referencia a categoría padre para jerarquía;;;;;;;;;;;;;;;;;
categories;status;int;SI;status;https://catalog.janis.in/api/category;Completa;categories status;Conversión int → string;;;;;;;;;;;;;;;;;
price;id;bigint;SI;id;https://pricing.janis.in/api/price;Completa;price id;ID del precio;;;;;;;;;;;;;;;;;
price;item_id;bigint unsigned;SI;sku;https://pricing.janis.in/api/price;Parcial;price item_id;SKU ID mapeado a sku;;;;;;;;;;;;;;;;;
price;store_id;bigint unsigned;SI;salesChannelId;https://pricing.janis.in/api/sc-sku-price;Parcial;price store_id;Requiere /sc-sku-price para precios por tienda;;;;;;;;;;;;;;;;;
price;price;float(12,2) unsigned;SI;price;https://pricing.janis.in/api/price;Completa;price price;Precio de venta;;;;;;;;;;;;;;;;;
price;list_price;float(12,2) unsigned;SI;listPrice;https://pricing.janis.in/api/price;Completa;price list_price;Precio de lista;;;;;;;;;;;;;;;;;
price;cost_price;float(12,2) unsigned;SI;costPrice;https://pricing.janis.in/api/price;Completa;price cost_price;Precio de costo;;;;;;;;;;;;;;;;;
price;store_price;float(12,2) unsigned;SI;price;https://pricing.janis.in/api/sc-sku-price;Parcial;price store_price;Precio específico por sales channel, requiere desagregación;;;;;;;;;;;;;;;;;
price;status;tinyint;SI;status;https://pricing.janis.in/api/price;Completa;price status;Estado del precio;;;;;;;;;;;;;;;;;
price;date_modified;bigint;SI;dateModified;https://pricing.janis.in/api/price;Completa;price date_modified;Conversión bigint timestamp → ISO 8601;;;;;;;;;;;;;;;;;
price;date_created;bigint;SI;dateCreated;https://pricing.janis.in/api/price;Completa;price date_created;Conversión bigint timestamp → ISO 8601;;;;;;;;;;;;;;;;;
brands;id;bigint unsigned;SI;id;https://catalog.janis.in/api/brand;Parcial;brands id;Conversión bigint → string, valores diferentes por diseño V1→V2;;;;;;;;;;;;;;;;;
brands;ref_id;bigint;SI;referenceId;https://catalog.janis.in/api/brand;Completa;brands ref_id;;;;;;;;;;;;;;;;;;
brands;name;varchar(100);SI;name;https://catalog.janis.in/api/brand;Completa;brands name;;;;;;;;;;;;;;;;;;
brands;status;smallint;SI;status;https://catalog.janis.in/api/brand;Completa;brands status;Conversión tinyint → string;;;;;;;;;;;;;;;;;
customers;id;bigint unsigned;SI; id (alfanumerico);https://crm.janis.in/api/customer;Parcial;ID alfanumérico en API vs numérico en BD. Usar email como clave única.;El id es alfanumerico en la API y bigint en la DB;;;;;;;;;;;;;;;;;
customers;vtex_id;varchar(50);SI;N/A;https://crm.janis.in/api/customer;Nula;BRECHA CRÍTICA: Posible equivalente commerceId no aparece en respuestas. Escalar a Janis.;Chequeo por parte de Janis;;;;;;;;;;;;;;;;;
customers;user_id;varchar(50);SI;N/A;https://crm.janis.in/api/customer;Nula;BRECHA CRÍTICA: No existe en API. Clarificar con Janis si existe relación customer-user.;Chequeo por parte de Janis;;;;;;;;;;;;;;;;;
customers;doc_type;varchar(30);SI;documentType;https://crm.janis.in/api/customer;Completa;Normalización: doc_type → documentType;;;;;;;;;;;;;;;;;;
customers;doc;varchar(50);SI;documentNumber;https://crm.janis.in/api/customer;Completa;Normalización: doc → documentNumber;;;;;;;;;;;;;;;;;;
customers;email;varchar(100);SI;email;https://crm.janis.in/api/customer;Completa;Campo único para matcheo. También en array emails[]. API puede devolver emails enmascarados VTEX.;;;;;;;;;;;;;;;;;;
customers;firstname;varchar(100);SI;firstname;https://crm.janis.in/api/customer;Completa;Comparación case-insensitive recomendada;;;;;;;;;;;;;;;;;;
customers;lastname;varchar(100);SI;lastname;https://crm.janis.in/api/customer;Completa;Comparación case-insensitive recomendada;;;;;;;;;;;;;;;;;;
customers;phone;varchar(50);SI;phone;https://crm.janis.in/api/customer;Completa;También disponible en array phones[];;;;;;;;;;;;;;;;;;
customers;phone_alt;varchar(50);SI;N/A;https://crm.janis.in/api/customer;Nula;BRECHA CRÍTICA: No existe como campo individual. Alternativa: usar phones[1] del array phones[];Chequeo por parte de Janis;;;;;;;;;;;;;;;;;
customers;points_card;varchar(100);SI;N/A;https://crm.janis.in/api/customer;Nula;BRECHA CRÍTICA: Campo pointsCard no aparece en respuestas. Escalar a Janis.;Chequeo por parte de Janis;;;;;;;;;;;;;;;;;
customers;user_modified;bigint unsigned;SI;userModified;https://crm.janis.in/api/customer;Completa;Normalización: user_modified → userModified. Tipo: bigint → string;;;;;;;;;;;;;;;;;;
customers;date_modified;bigint;SI;dateModified;https://crm.janis.in/api/customer;Completa;Normalización: date_modified → dateModified. Conversión: timestamp Unix → ISO 8601;;;;;;;;;;;;;;;;;;
wms_order_picking;order_id;bigint;SI;orderIds[] (primer elemento);https://picking.janis.in/api/session;Completa;wms_order_picking order_id;Disponible en sesión, tomar primer elemento del array;;;;;;;;;;;;;;;;;
wms_order_picking;picker;bigint unsigned;SI;pickerId;https://picking.janis.in/api/session;Parcial;wms_order_picking picker;Se menciona en la API pero no aparece...;;;;;;;;;;;;;;;;;
wms_order_picking;pick_start_time;bigint;SI;startPickingTime;https://picking.janis.in/api/session;Parcial;wms_order_picking pick_start_time;Se menciona en la API pero no aparece...;;;;;;;;;;;;;;;;;
wms_order_picking;pick_end_time;bigint unsigned;SI;endPickingTime;https://picking.janis.in/api/session;Parcial;wms_order_picking pick_end_time;Se menciona en la API pero no aparece...;;;;;;;;;;;;;;;;;
wms_order_picking;total_time;smallint unsigned;SI;Derivado (endPickingTime - startPickingTime);https://picking.janis.in/api/session;Parcial;wms_order_picking total_time;Se calcula en ETL: (endPickingTime - startPickingTime) / 1000;;;;;;;;;;;;;;;;;
wms_order_picking;status;smallint unsigned;SI;status;https://picking.janis.in/api/session;Parcial;wms_order_picking status;Valores diferentes: BD usa números, API usa strings (pending/completed/etc);;;;;;;;;;;;;;;;;
picking_round_orders;picking_round;bigint;SI;N/A;https://picking.janis.in/api/session-picker-batch;Nula;picking_round_orders picking_round;Chequeo por parte de Janis;;;;;;;;;;;;;;;;;
picking_round_orders;order_id;bigint;SI;orders[];https://picking.janis.in/api/session-picker-batch;Completa;picking_round_orders order_id;Array de order IDs en response, requiere desagregación en ETL;;;;;;;;;;;;;;;;;
stock;id;bigint;SI;[].id;https://wms.janis.in/api/stock;Completa;stock id;ID del registro de stock en API;;;;;;;;;;;;;;;;;
stock;item_id;bigint unsigned;SI;[].sku;https://wms.janis.in/api/stock;Completa;stock item_id;ID del SKU, filtrar con filters[sku];;;;;;;;;;;;;;;;;
stock;store_id;bigint unsigned;SI;N/A;N/A;Nula;stock store_id;Chequeo por parte de Janis;;;;;;;;;;;;;;;;;
stock;warehouse_id;bigint unsigned;SI;[].warehouse;https://wms.janis.in/api/stock;Completa;stock warehouse_id;ID del warehouse, filtrar con filters[warehouse];;;;;;;;;;;;;;;;;
stock;stock;int unsigned;SI;[].stock;https://wms.janis.in/api/stock;Completa;stock stock;Cantidad total de stock;;;;;;;;;;;;;;;;;
stock;store_stock;int;SI;N/A;N/A;Nula;stock store_stock;Chequeo por parte de Janis;;;;;;;;;;;;;;;;;
stock;min_stock;int unsigned;SI;[].securityStock;https://wms.janis.in/api/stock;Completa;stock min_stock;Stock de seguridad mínimo;;;;;;;;;;;;;;;;;
stock;reserve_stock;int unsigned;SI;[].reservedStock;https://wms.janis.in/api/stock;Completa;stock reserve_stock;Stock reservado (no disponible);;;;;;;;;;;;;;;;;
stock;infinite_stock;tinyint(1);SI;[].infiniteStock;https://wms.janis.in/api/stock;Completa;stock infinite_stock;Boolean, indica si el stock es infinito;;;;;;;;;;;;;;;;;
stock;status;tinyint;SI;[].status;https://wms.janis.in/api/stock;Completa;stock status;Estado del stock: active o processing;;;;;;;;;;;;;;;;;
stock;date_modified;bigint;SI;[].dateModified;https://wms.janis.in/api/stock;Completa;stock date_modified;Fecha de modificación en formato ISO 8601;;;;;;;;;;;;;;;;;
stock;date_created;bigint;SI;[].dateCreated;https://wms.janis.in/api/stock;Completa;stock date_created;Fecha de creación en formato ISO 8601;;;;;;;;;;;;;;;;;
promotional_prices;id;bigint;SI;N/A;N/A;Nula;promotional_prices id;Chequeo por parte de Janis;;;;;;;;;;;;;;;;;
promotional_prices;item_id;bigint unsigned;SI;N/A;N/A;Nula;promotional_prices item_id;Chequeo por parte de Janis;;;;;;;;;;;;;;;;;
promotional_prices;store_id;bigint unsigned;SI;N/A;N/A;Nula;promotional_prices store_id;Chequeo por parte de Janis;;;;;;;;;;;;;;;;;
promotional_prices;price;float(12,2) unsigned;SI;N/A;N/A;Nula;promotional_prices price;Chequeo por parte de Janis;;;;;;;;;;;;;;;;;
promotional_prices;list_price;float(12,2) unsigned;SI;N/A;N/A;Nula;promotional_prices list_price;Chequeo por parte de Janis;;;;;;;;;;;;;;;;;
promotional_prices;cost_price;float(12,2) unsigned;SI;N/A;N/A;Nula;promotional_prices cost_price;Chequeo por parte de Janis;;;;;;;;;;;;;;;;;
promotional_prices;store_price;float(12,2) unsigned;SI;N/A;N/A;Nula;promotional_prices store_price;Chequeo por parte de Janis;;;;;;;;;;;;;;;;;
promotional_prices;store_list_price;float(12,2) unsigned;SI;N/A;N/A;Nula;promotional_prices store_list_price;Chequeo por parte de Janis;;;;;;;;;;;;;;;;;
promotional_prices;store_cost_price;float(12,2) unsigned;SI;N/A;N/A;Nula;promotional_prices store_cost_price;Chequeo por parte de Janis;;;;;;;;;;;;;;;;;
promotional_prices;valid_from;bigint unsigned;SI;N/A;N/A;Nula;promotional_prices valid_from;Chequeo por parte de Janis;;;;;;;;;;;;;;;;;
promotional_prices;valid_to;bigint unsigned;SI;N/A;N/A;Nula;promotional_prices valid_to;Chequeo por parte de Janis;;;;;;;;;;;;;;;;;
promotional_prices;expired;tinyint(1);SI;N/A;N/A;Nula;promotional_prices expired;Chequeo por parte de Janis;;;;;;;;;;;;;;;;;
promotional_prices;status;tinyint;SI;N/A;N/A;Nula;promotional_prices status;Chequeo por parte de Janis;;;;;;;;;;;;;;;;;
promotional_prices;date_modified;bigint;SI;N/A;N/A;Nula;promotional_prices date_modified;Chequeo por parte de Janis;;;;;;;;;;;;;;;;;
promotional_prices;date_created;bigint;SI;N/A;N/A;Nula;promotional_prices date_created;Chequeo por parte de Janis;;;;;;;;;;;;;;;;;
promotions;id;bigint unsigned;SI;N/A;N/A;Nula;promotions id;Chequeo por parte de Janis;;;;;;;;;;;;;;;;;
promotions;ecom_id;varchar(50);SI;N/A;N/A;Nula;promotions ecom_id;Chequeo por parte de Janis;;;;;;;;;;;;;;;;;
promotions;ref_id;varchar(36);SI;N/A;N/A;Nula;promotions ref_id;Chequeo por parte de Janis;;;;;;;;;;;;;;;;;
promotions;name;varchar(150);SI;N/A;N/A;Nula;promotions name;Chequeo por parte de Janis;;;;;;;;;;;;;;;;;
promotions;description;text;SI;N/A;N/A;Nula;promotions description;Chequeo por parte de Janis;;;;;;;;;;;;;;;;;
promotions;short_description;varchar(255);SI;N/A;N/A;Nula;promotions short_description;Chequeo por parte de Janis;;;;;;;;;;;;;;;;;
promotions;type;smallint unsigned;SI;N/A;N/A;Nula;promotions type;Chequeo por parte de Janis;;;;;;;;;;;;;;;;;
promotions;discount_type;tinyint unsigned;SI;N/A;N/A;Nula;promotions discount_type;Chequeo por parte de Janis;;;;;;;;;;;;;;;;;
promotions;value;float(10,2) unsigned;SI;N/A;N/A;Nula;promotions value;Chequeo por parte de Janis;;;;;;;;;;;;;;;;;
promotions;date_start;bigint;SI;N/A;N/A;Nula;promotions date_start;Chequeo por parte de Janis;;;;;;;;;;;;;;;;;
promotions;date_end;bigint;SI;N/A;N/A;Nula;promotions date_end;Chequeo por parte de Janis;;;;;;;;;;;;;;;;;
promotions;date_created;bigint;SI;N/A;N/A;Nula;promotions date_created;Chequeo por parte de Janis;;;;;;;;;;;;;;;;;
invoices;id;bigint;SI;invoices[].id;https://oms.janis.in/api/order;Completa;invoices id;ID de la factura;;;;;;;;;;;;;;;;;
invoices;order_id;bigint unsigned;SI;id;https://oms.janis.in/api/order;Completa;invoices order_id;ID de la orden (contexto);;;;;;;;;;;;;;;;;
invoices;number;varchar(80);SI;invoices[].number;https://oms.janis.in/api/order;Completa;invoices number;Número de factura;;;;;;;;;;;;;;;;;
invoices;amount;float(12,2) unsigned;SI;invoices[].amount;https://oms.janis.in/api/order;Completa;invoices amount;Monto de la factura;;;;;;;;;;;;;;;;;
invoices;date_invoiced;bigint;SI;invoices[].dateCreated;https://oms.janis.in/api/order;Completa;invoices date_invoiced;Conversión Unix timestamp → ISO 8601;;;;;;;;;;;;;;;;;
invoices;type;bigint unsigned;SI;invoices[].type;https://oms.janis.in/api/order;Completa;invoices type;Tipo de factura;;;;;;;;;;;;;;;;;
ff_comments;id;bigint unsigned;SI;N/A;N/A;Nula;ff_comments id;Chequeo por parte de Janis;;;;;;;;;;;;;;;;;
ff_comments;entity;varchar(255);SI;N/A;N/A;Nula;ff_comments entity;Chequeo por parte de Janis;;;;;;;;;;;;;;;;;
ff_comments;entity_id;bigint;SI;N/A;N/A;Nula;ff_comments entity_id;Chequeo por parte de Janis;;;;;;;;;;;;;;;;;
ff_comments;comment;text;SI;N/A;N/A;Nula;ff_comments comment;Chequeo por parte de Janis;;;;;;;;;;;;;;;;;
ff_comments;user_created;bigint unsigned;SI;N/A;N/A;Nula;ff_comments user_created;Chequeo por parte de Janis;;;;;;;;;;;;;;;;;
ff_comments;date_created;bigint;SI;N/A;N/A;Nula;ff_comments date_created;Chequeo por parte de Janis;;;;;;;;;;;;;;;;;
ff_comments;status;tinyint;SI;N/A;N/A;Nula;ff_comments status;Chequeo por parte de Janis;;;;;;;;;;;;;;;;;
;;;;;;;;;;;;;;;;;;;;;;;;;
;;;;;;;;;;;;;;;;;;;;;;;;;
;;;;;;;;;;;;;;;;;;;;;;;;;
;;;;;;;;;;;;;;;;;;;;;;;;;
;;;;;;;;;;;;;;;;;;;;;;;;;
;;;;;;;;;;;;;;;;;;;;;;;;;
;;;;;;;;;;;;;;;;;;;;;;;;;
;;;;;;;;;;;;;;;;;;;;;;;;;
;;;;;;;;;;;;;;;;;;;;;;;;;
;;;;;;;;;;;;;;;;;;;;;;;;;
;;;;;;;;;;;;;;;;;;;;;;;;;
;;;;;;;;;;;;;;;;;;;;;;;;;
;;;;;;;;;;;;;;;;;;;;;;;;;
;;;;;;;;;;;;;;;;;;;;;;;;;
;;;;;;;;;;;;;;;;;;;;;;;;;
;;;;;;;;;;;;;;;;;;;;;;;;;
;;;;;;;;;;;;;;;;;;;;;;;;;
;;;;;;;;;;;;;;;;;;;;;;;;;
;;;;;;;;;;;;;;;;;;;;;;;;;
;;;;;;;;;;;;;;;;;;;;;;;;;
;;;;;;;;;;;;;;;;;;;;;;;;;
;;;;;;;;;;;;;;;;;;;;;;;;;
;;;;;;;;;;;;;;;;;;;;;;;;;
;;;;;;;;;;;;;;;;;;;;;;;;;
;;;;;;;;;;;;;;;;;;;;;;;;;
;;;;;;;;;;;;;;;;;;;;;;;;;
;;;;;;;;;;;;;;;;;;;;;;;;;
;;;;;;;;;;;;;;;;;;;;;;;;;
;;;;;;;;;;;;;;;;;;;;;;;;;
;;;;;;;;;;;;;;;;;;;;;;;;;
;;;;;;;;;;;;;;;;;;;;;;;;;
;;;;;;;;;;;;;;;;;;;;;;;;;
;;;;;;;;;;;;;;;;;;;;;;;;;
;;;;;;;;;;;;;;;;;;;;;;;;;
;;;;;;;;;;;;;;;;;;;;;;;;;
;;;;;;;;;;;;;;;;;;;;;;;;;
;;;;;;;;;;;;;;;;;;;;;;;;;
;;;;;;;;;;;;;;;;;;;;;;;;;
;;;;;;;;;;;;;;;;;;;;;;;;;
;;;;;;;;;;;;;;;;;;;;;;;;;
;;;;;;;;;;;;;;;;;;;;;;;;;
;;;;;;;;;;;;;;;;;;;;;;;;;
;;;;;;;;;;;;;;;;;;;;;;;;;
;;;;;;;;;;;;;;;;;;;;;;;;;
;;;;;;;;;;;;;;;;;;;;;;;;;
;;;;;;;;;;;;;;;;;;;;;;;;;
;;;;;;;;;;;;;;;;;;;;;;;;;
;;;;;;;;;;;;;;;;;;;;;;;;;
;;;;;;;;;;;;;;;;;;;;;;;;;
;;;;;;;;;;;;;;;;;;;;;;;;;
;;;;;;;;;;;;;;;;;;;;;;;;;
;;;;;;;;;;;;;;;;;;;;;;;;;
;;;;;;;;;;;;;;;;;;;;;;;;;
;;;;;;;;;;;;;;;;;;;;;;;;;
;;;;;;;;;;;;;;;;;;;;;;;;;
;;;;;;;;;;;;;;;;;;;;;;;;;
;;;;;;;;;;;;;;;;;;;;;;;;;
;;;;;;;;;;;;;;;;;;;;;;;;;
;;;;;;;;;;;;;;;;;;;;;;;;;
;;;;;;;;;;;;;;;;;;;;;;;;;
;;;;;;;;;;;;;;;;;;;;;;;;;
;;;;;;;;;;;;;;;;;;;;;;;;;
;;;;;;;;;;;;;;;;;;;;;;;;;
;;;;;;;;;;;;;;;;;;;;;;;;;
;;;;;;;;;;;;;;;;;;;;;;;;;
;;;;;;;;;;;;;;;;;;;;;;;;;
;;;;;;;;;;;;;;;;;;;;;;;;;
;;;;;;;;;;;;;;;;;;;;;;;;;
;;;;;;;;;;;;;;;;;;;;;;;;;
;;;;;;;;;;;;;;;;;;;;;;;;;
;;;;;;;;;;;;;;;;;;;;;;;;;
;;;;;;;;;;;;;;;;;;;;;;;;;
;;;;;;;;;;;;;;;;;;;;;;;;;
;;;;;;;;;;;;;;;;;;;;;;;;;
;;;;;;;;;;;;;;;;;;;;;;;;;
;;;;;;;;;;;;;;;;;;;;;;;;;
;;;;;;;;;;;;;;;;;;;;;;;;;
;;;;;;;;;;;;;;;;;;;;;;;;;
;;;;;;;;;;;;;;;;;;;;;;;;;
;;;;;;;;;;;;;;;;;;;;;;;;;
;;;;;;;;;;;;;;;;;;;;;;;;;
;;;;;;;;;;;;;;;;;;;;;;;;;
;;;;;;;;;;;;;;;;;;;;;;;;;
;;;;;;;;;;;;;;;;;;;;;;;;;
;;;;;;;;;;;;;;;;;;;;;;;;;
;;;;;;;;;;;;;;;;;;;;;;;;;
;;;;;;;;;;;;;;;;;;;;;;;;;
;;;;;;;;;;;;;;;;;;;;;;;;;
;;;;;;;;;;;;;;;;;;;;;;;;;
;;;;;;;;;;;;;;;;;;;;;;;;;
;;;;;;;;;;;;;;;;;;;;;;;;;
;;;;;;;;;;;;;;;;;;;;;;;;;
;;;;;;;;;;;;;;;;;;;;;;;;;
;;;;;;;;;;;;;;;;;;;;;;;;;
;;;;;;;;;;;;;;;;;;;;;;;;;
;;;;;;;;;;;;;;;;;;;;;;;;;
;;;;;;;;;;;;;;;;;;;;;;;;;
;;;;;;;;;;;;;;;;;;;;;;;;;
;;;;;;;;;;;;;;;;;;;;;;;;;
;;;;;;;;;;;;;;;;;;;;;;;;;
;;;;;;;;;;;;;;;;;;;;;;;;;
;;;;;;;;;;;;;;;;;;;;;;;;;
;;;;;;;;;;;;;;;;;;;;;;;;;
;;;;;;;;;;;;;;;;;;;;;;;;;
;;;;;;;;;;;;;;;;;;;;;;;;;
;;;;;;;;;;;;;;;;;;;;;;;;;
;;;;;;;;;;;;;;;;;;;;;;;;;
;;;;;;;;;;;;;;;;;;;;;;;;;
;;;;;;;;;;;;;;;;;;;;;;;;;
;;;;;;;;;;;;;;;;;;;;;;;;;
;;;;;;;;;;;;;;;;;;;;;;;;;
;;;;;;;;;;;;;;;;;;;;;;;;;
;;;;;;;;;;;;;;;;;;;;;;;;;
;;;;;;;;;;;;;;;;;;;;;;;;;
;;;;;;;;;;;;;;;;;;;;;;;;;
;;;;;;;;;;;;;;;;;;;;;;;;;
;;;;;;;;;;;;;;;;;;;;;;;;;
;;;;;;;;;;;;;;;;;;;;;;;;;
;;;;;;;;;;;;;;;;;;;;;;;;;
;;;;;;;;;;;;;;;;;;;;;;;;;
;;;;;;;;;;;;;;;;;;;;;;;;;
;;;;;;;;;;;;;;;;;;;;;;;;;
;;;;;;;;;;;;;;;;;;;;;;;;;
;;;;;;;;;;;;;;;;;;;;;;;;;
;;;;;;;;;;;;;;;;;;;;;;;;;
;;;;;;;;;;;;;;;;;;;;;;;;;
;;;;;;;;;;;;;;;;;;;;;;;;;
;;;;;;;;;;;;;;;;;;;;;;;;;
;;;;;;;;;;;;;;;;;;;;;;;;;
;;;;;;;;;;;;;;;;;;;;;;;;;
;;;;;;;;;;;;;;;;;;;;;;;;;
;;;;;;;;;;;;;;;;;;;;;;;;;
;;;;;;;;;;;;;;;;;;;;;;;;;
;;;;;;;;;;;;;;;;;;;;;;;;;
;;;;;;;;;;;;;;;;;;;;;;;;;
;;;;;;;;;;;;;;;;;;;;;;;;;
;;;;;;;;;;;;;;;;;;;;;;;;;
;;;;;;;;;;;;;;;;;;;;;;;;;
;;;;;;;;;;;;;;;;;;;;;;;;;
;;;;;;;;;;;;;;;;;;;;;;;;;
;;;;;;;;;;;;;;;;;;;;;;;;;
;;;;;;;;;;;;;;;;;;;;;;;;;
;;;;;;;;;;;;;;;;;;;;;;;;;
;;;;;;;;;;;;;;;;;;;;;;;;;
;;;;;;;;;;;;;;;;;;;;;;;;;
;;;;;;;;;;;;;;;;;;;;;;;;;
;;;;;;;;;;;;;;;;;;;;;;;;;
;;;;;;;;;;;;;;;;;;;;;;;;;
;;;;;;;;;;;;;;;;;;;;;;;;;
;;;;;;;;;;;;;;;;;;;;;;;;;
;;;;;;;;;;;;;;;;;;;;;;;;;
;;;;;;;;;;;;;;;;;;;;;;;;;
;;;;;;;;;;;;;;;;;;;;;;;;;
;;;;;;;;;;;;;;;;;;;;;;;;;
;;;;;;;;;;;;;;;;;;;;;;;;;
;;;;;;;;;;;;;;;;;;;;;;;;;
;;;;;;;;;;;;;;;;;;;;;;;;;
;;;;;;;;;;;;;;;;;;;;;;;;;
;;;;;;;;;;;;;;;;;;;;;;;;;
;;;;;;;;;;;;;;;;;;;;;;;;;
;;;;;;;;;;;;;;;;;;;;;;;;;
;;;;;;;;;;;;;;;;;;;;;;;;;
;;;;;;;;;;;;;;;;;;;;;;;;;
;;;;;;;;;;;;;;;;;;;;;;;;;
;;;;;;;;;;;;;;;;;;;;;;;;;
;;;;;;;;;;;;;;;;;;;;;;;;;
;;;;;;;;;;;;;;;;;;;;;;;;;
;;;;;;;;;;;;;;;;;;;;;;;;;
;;;;;;;;;;;;;;;;;;;;;;;;;
;;;;;;;;;;;;;;;;;;;;;;;;;
;;;;;;;;;;;;;;;;;;;;;;;;;
;;;;;;;;;;;;;;;;;;;;;;;;;
;;;;;;;;;;;;;;;;;;;;;;;;;
;;;;;;;;;;;;;;;;;;;;;;;;;
;;;;;;;;;;;;;;;;;;;;;;;;;
;;;;;;;;;;;;;;;;;;;;;;;;;
;;;;;;;;;;;;;;;;;;;;;;;;;
;;;;;;;;;;;;;;;;;;;;;;;;;
;;;;;;;;;;;;;;;;;;;;;;;;;
;;;;;;;;;;;;;;;;;;;;;;;;;
;;;;;;;;;;;;;;;;;;;;;;;;;
;;;;;;;;;;;;;;;;;;;;;;;;;
;;;;;;;;;;;;;;;;;;;;;;;;;
;;;;;;;;;;;;;;;;;;;;;;;;;
;;;;;;;;;;;;;;;;;;;;;;;;;
;;;;;;;;;;;;;;;;;;;;;;;;;
;;;;;;;;;;;;;;;;;;;;;;;;;
;;;;;;;;;;;;;;;;;;;;;;;;;
;;;;;;;;;;;;;;;;;;;;;;;;;
;;;;;;;;;;;;;;;;;;;;;;;;;
;;;;;;;;;;;;;;;;;;;;;;;;;
;;;;;;;;;;;;;;;;;;;;;;;;;
;;;;;;;;;;;;;;;;;;;;;;;;;
;;;;;;;;;;;;;;;;;;;;;;;;;
;;;;;;;;;;;;;;;;;;;;;;;;;
;;;;;;;;;;;;;;;;;;;;;;;;;
;;;;;;;;;;;;;;;;;;;;;;;;;
;;;;;;;;;;;;;;;;;;;;;;;;;
;;;;;;;;;;;;;;;;;;;;;;;;;
;;;;;;;;;;;;;;;;;;;;;;;;;
;;;;;;;;;;;;;;;;;;;;;;;;;
;;;;;;;;;;;;;;;;;;;;;;;;;
;;;;;;;;;;;;;;;;;;;;;;;;;
;;;;;;;;;;;;;;;;;;;;;;;;;
;;;;;;;;;;;;;;;;;;;;;;;;;
;;;;;;;;;;;;;;;;;;;;;;;;;
;;;;;;;;;;;;;;;;;;;;;;;;;
;;;;;;;;;;;;;;;;;;;;;;;;;
;;;;;;;;;;;;;;;;;;;;;;;;;
;;;;;;;;;;;;;;;;;;;;;;;;;
;;;;;;;;;;;;;;;;;;;;;;;;;
;;;;;;;;;;;;;;;;;;;;;;;;;
;;;;;;;;;;;;;;;;;;;;;;;;;
;;;;;;;;;;;;;;;;;;;;;;;;;
;;;;;;;;;;;;;;;;;;;;;;;;;
;;;;;;;;;;;;;;;;;;;;;;;;;
;;;;;;;;;;;;;;;;;;;;;;;;;
;;;;;;;;;;;;;;;;;;;;;;;;;
;;;;;;;;;;;;;;;;;;;;;;;;;
;;;;;;;;;;;;;;;;;;;;;;;;;
;;;;;;;;;;;;;;;;;;;;;;;;;
;;;;;;;;;;;;;;;;;;;;;;;;;
;;;;;;;;;;;;;;;;;;;;;;;;;
;;;;;;;;;;;;;;;;;;;;;;;;;
;;;;;;;;;;;;;;;;;;;;;;;;;
;;;;;;;;;;;;;;;;;;;;;;;;;
;;;;;;;;;;;;;;;;;;;;;;;;;
;;;;;;;;;;;;;;;;;;;;;;;;;
;;;;;;;;;;;;;;;;;;;;;;;;;
;;;;;;;;;;;;;;;;;;;;;;;;;
;;;;;;;;;;;;;;;;;;;;;;;;;
;;;;;;;;;;;;;;;;;;;;;;;;;
;;;;;;;;;;;;;;;;;;;;;;;;;
;;;;;;;;;;;;;;;;;;;;;;;;;
;;;;;;;;;;;;;;;;;;;;;;;;;
;;;;;;;;;;;;;;;;;;;;;;;;;
;;;;;;;;;;;;;;;;;;;;;;;;;
;;;;;;;;;;;;;;;;;;;;;;;;;
;;;;;;;;;;;;;;;;;;;;;;;;;
;;;;;;;;;;;;;;;;;;;;;;;;;
;;;;;;;;;;;;;;;;;;;;;;;;;
;;;;;;;;;;;;;;;;;;;;;;;;;
;;;;;;;;;;;;;;;;;;;;;;;;;
;;;;;;;;;;;;;;;;;;;;;;;;;
;;;;;;;;;;;;;;;;;;;;;;;;;
;;;;;;;;;;;;;;;;;;;;;;;;;
;;;;;;;;;;;;;;;;;;;;;;;;;
;;;;;;;;;;;;;;;;;;;;;;;;;
;;;;;;;;;;;;;;;;;;;;;;;;;
;;;;;;;;;;;;;;;;;;;;;;;;;
;;;;;;;;;;;;;;;;;;;;;;;;;
;;;;;;;;;;;;;;;;;;;;;;;;;
;;;;;;;;;;;;;;;;;;;;;;;;;
;;;;;;;;;;;;;;;;;;;;;;;;;
;;;;;;;;;;;;;;;;;;;;;;;;;
;;;;;;;;;;;;;;;;;;;;;;;;;
;;;;;;;;;;;;;;;;;;;;;;;;;
;;;;;;;;;;;;;;;;;;;;;;;;;
;;;;;;;;;;;;;;;;;;;;;;;;;
;;;;;;;;;;;;;;;;;;;;;;;;;
;;;;;;;;;;;;;;;;;;;;;;;;;
;;;;;;;;;;;;;;;;;;;;;;;;;
;;;;;;;;;;;;;;;;;;;;;;;;;
;;;;;;;;;;;;;;;;;;;;;;;;;
;;;;;;;;;;;;;;;;;;;;;;;;;
;;;;;;;;;;;;;;;;;;;;;;;;;
;;;;;;;;;;;;;;;;;;;;;;;;;
;;;;;;;;;;;;;;;;;;;;;;;;;
;;;;;;;;;;;;;;;;;;;;;;;;;
;;;;;;;;;;;;;;;;;;;;;;;;;
;;;;;;;;;;;;;;;;;;;;;;;;;
;;;;;;;;;;;;;;;;;;;;;;;;;
;;;;;;;;;;;;;;;;;;;;;;;;;
;;;;;;;;;;;;;;;;;;;;;;;;;
;;;;;;;;;;;;;;;;;;;;;;;;;
;;;;;;;;;;;;;;;;;;;;;;;;;
;;;;;;;;;;;;;;;;;;;;;;;;;
;;;;;;;;;;;;;;;;;;;;;;;;;
;;;;;;;;;;;;;;;;;;;;;;;;;
;;;;;;;;;;;;;;;;;;;;;;;;;
;;;;;;;;;;;;;;;;;;;;;;;;;
;;;;;;;;;;;;;;;;;;;;;;;;;
;;;;;;;;;;;;;;;;;;;;;;;;;
;;;;;;;;;;;;;;;;;;;;;;;;;
;;;;;;;;;;;;;;;;;;;;;;;;;
;;;;;;;;;;;;;;;;;;;;;;;;;
;;;;;;;;;;;;;;;;;;;;;;;;;
;;;;;;;;;;;;;;;;;;;;;;;;;
;;;;;;;;;;;;;;;;;;;;;;;;;
;;;;;;;;;;;;;;;;;;;;;;;;;
;;;;;;;;;;;;;;;;;;;;;;;;;
;;;;;;;;;;;;;;;;;;;;;;;;;
;;;;;;;;;;;;;;;;;;;;;;;;;
;;;;;;;;;;;;;;;;;;;;;;;;;
;;;;;;;;;;;;;;;;;;;;;;;;;
;;;;;;;;;;;;;;;;;;;;;;;;;
;;;;;;;;;;;;;;;;;;;;;;;;;
;;;;;;;;;;;;;;;;;;;;;;;;;
;;;;;;;;;;;;;;;;;;;;;;;;;
;;;;;;;;;;;;;;;;;;;;;;;;;
;;;;;;;;;;;;;;;;;;;;;;;;;
;;;;;;;;;;;;;;;;;;;;;;;;;
;;;;;;;;;;;;;;;;;;;;;;;;;
;;;;;;;;;;;;;;;;;;;;;;;;;
;;;;;;;;;;;;;;;;;;;;;;;;;
;;;;;;;;;;;;;;;;;;;;;;;;;
;;;;;;;;;;;;;;;;;;;;;;;;;
;;;;;;;;;;;;;;;;;;;;;;;;;
;;;;;;;;;;;;;;;;;;;;;;;;;
;;;;;;;;;;;;;;;;;;;;;;;;;
;;;;;;;;;;;;;;;;;;;;;;;;;
;;;;;;;;;;;;;;;;;;;;;;;;;
;;;;;;;;;;;;;;;;;;;;;;;;;
;;;;;;;;;;;;;;;;;;;;;;;;;
;;;;;;;;;;;;;;;;;;;;;;;;;
;;;;;;;;;;;;;;;;;;;;;;;;;
;;;;;;;;;;;;;;;;;;;;;;;;;
;;;;;;;;;;;;;;;;;;;;;;;;;
;;;;;;;;;;;;;;;;;;;;;;;;;
;;;;;;;;;;;;;;;;;;;;;;;;;
;;;;;;;;;;;;;;;;;;;;;;;;;
;;;;;;;;;;;;;;;;;;;;;;;;;
;;;;;;;;;;;;;;;;;;;;;;;;;
;;;;;;;;;;;;;;;;;;;;;;;;;
;;;;;;;;;;;;;;;;;;;;;;;;;
;;;;;;;;;;;;;;;;;;;;;;;;;
;;;;;;;;;;;;;;;;;;;;;;;;;
;;;;;;;;;;;;;;;;;;;;;;;;;
;;;;;;;;;;;;;;;;;;;;;;;;;
;;;;;;;;;;;;;;;;;;;;;;;;;
;;;;;;;;;;;;;;;;;;;;;;;;;
;;;;;;;;;;;;;;;;;;;;;;;;;
;;;;;;;;;;;;;;;;;;;;;;;;;
;;;;;;;;;;;;;;;;;;;;;;;;;
;;;;;;;;;;;;;;;;;;;;;;;;;
;;;;;;;;;;;;;;;;;;;;;;;;;
;;;;;;;;;;;;;;;;;;;;;;;;;
;;;;;;;;;;;;;;;;;;;;;;;;;
;;;;;;;;;;;;;;;;;;;;;;;;;
;;;;;;;;;;;;;;;;;;;;;;;;;
;;;;;;;;;;;;;;;;;;;;;;;;;
;;;;;;;;;;;;;;;;;;;;;;;;;
;;;;;;;;;;;;;;;;;;;;;;;;;
;;;;;;;;;;;;;;;;;;;;;;;;;
;;;;;;;;;;;;;;;;;;;;;;;;;
;;;;;;;;;;;;;;;;;;;;;;;;;
;;;;;;;;;;;;;;;;;;;;;;;;;
;;;;;;;;;;;;;;;;;;;;;;;;;
;;;;;;;;;;;;;;;;;;;;;;;;;
;;;;;;;;;;;;;;;;;;;;;;;;;
;;;;;;;;;;;;;;;;;;;;;;;;;
;;;;;;;;;;;;;;;;;;;;;;;;;
;;;;;;;;;;;;;;;;;;;;;;;;;
;;;;;;;;;;;;;;;;;;;;;;;;;
;;;;;;;;;;;;;;;;;;;;;;;;;
;;;;;;;;;;;;;;;;;;;;;;;;;
;;;;;;;;;;;;;;;;;;;;;;;;;
;;;;;;;;;;;;;;;;;;;;;;;;;
;;;;;;;;;;;;;;;;;;;;;;;;;
;;;;;;;;;;;;;;;;;;;;;;;;;
;;;;;;;;;;;;;;;;;;;;;;;;;
;;;;;;;;;;;;;;;;;;;;;;;;;
;;;;;;;;;;;;;;;;;;;;;;;;;
;;;;;;;;;;;;;;;;;;;;;;;;;
;;;;;;;;;;;;;;;;;;;;;;;;;
;;;;;;;;;;;;;;;;;;;;;;;;;
;;;;;;;;;;;;;;;;;;;;;;;;;
;;;;;;;;;;;;;;;;;;;;;;;;;
;;;;;;;;;;;;;;;;;;;;;;;;;
;;;;;;;;;;;;;;;;;;;;;;;;;
;;;;;;;;;;;;;;;;;;;;;;;;;
;;;;;;;;;;;;;;;;;;;;;;;;;
;;;;;;;;;;;;;;;;;;;;;;;;;
;;;;;;;;;;;;;;;;;;;;;;;;;
;;;;;;;;;;;;;;;;;;;;;;;;;
;;;;;;;;;;;;;;;;;;;;;;;;;
;;;;;;;;;;;;;;;;;;;;;;;;;
;;;;;;;;;;;;;;;;;;;;;;;;;
;;;;;;;;;;;;;;;;;;;;;;;;;
;;;;;;;;;;;;;;;;;;;;;;;;;
;;;;;;;;;;;;;;;;;;;;;;;;;
;;;;;;;;;;;;;;;;;;;;;;;;;
;;;;;;;;;;;;;;;;;;;;;;;;;
;;;;;;;;;;;;;;;;;;;;;;;;;
;;;;;;;;;;;;;;;;;;;;;;;;;
;;;;;;;;;;;;;;;;;;;;;;;;;
;;;;;;;;;;;;;;;;;;;;;;;;;
;;;;;;;;;;;;;;;;;;;;;;;;;
;;;;;;;;;;;;;;;;;;;;;;;;;
;;;;;;;;;;;;;;;;;;;;;;;;;
;;;;;;;;;;;;;;;;;;;;;;;;;
;;;;;;;;;;;;;;;;;;;;;;;;;
;;;;;;;;;;;;;;;;;;;;;;;;;
;;;;;;;;;;;;;;;;;;;;;;;;;
;;;;;;;;;;;;;;;;;;;;;;;;;
;;;;;;;;;;;;;;;;;;;;;;;;;
;;;;;;;;;;;;;;;;;;;;;;;;;
;;;;;;;;;;;;;;;;;;;;;;;;;
;;;;;;;;;;;;;;;;;;;;;;;;;
;;;;;;;;;;;;;;;;;;;;;;;;;
;;;;;;;;;;;;;;;;;;;;;;;;;
;;;;;;;;;;;;;;;;;;;;;;;;;
;;;;;;;;;;;;;;;;;;;;;;;;;
;;;;;;;;;;;;;;;;;;;;;;;;;
;;;;;;;;;;;;;;;;;;;;;;;;;
;;;;;;;;;;;;;;;;;;;;;;;;;
;;;;;;;;;;;;;;;;;;;;;;;;;
;;;;;;;;;;;;;;;;;;;;;;;;;
;;;;;;;;;;;;;;;;;;;;;;;;;
;;;;;;;;;;;;;;;;;;;;;;;;;
;;;;;;;;;;;;;;;;;;;;;;;;;
;;;;;;;;;;;;;;;;;;;;;;;;;
;;;;;;;;;;;;;;;;;;;;;;;;;
;;;;;;;;;;;;;;;;;;;;;;;;;
;;;;;;;;;;;;;;;;;;;;;;;;;
;;;;;;;;;;;;;;;;;;;;;;;;;
;;;;;;;;;;;;;;;;;;;;;;;;;
;;;;;;;;;;;;;;;;;;;;;;;;;
;;;;;;;;;;;;;;;;;;;;;;;;;
;;;;;;;;;;;;;;;;;;;;;;;;;
;;;;;;;;;;;;;;;;;;;;;;;;;
;;;;;;;;;;;;;;;;;;;;;;;;;
;;;;;;;;;;;;;;;;;;;;;;;;;
;;;;;;;;;;;;;;;;;;;;;;;;;
;;;;;;;;;;;;;;;;;;;;;;;;;
;;;;;;;;;;;;;;;;;;;;;;;;;
;;;;;;;;;;;;;;;;;;;;;;;;;
;;;;;;;;;;;;;;;;;;;;;;;;;
;;;;;;;;;;;;;;;;;;;;;;;;;
;;;;;;;;;;;;;;;;;;;;;;;;;
;;;;;;;;;;;;;;;;;;;;;;;;;
;;;;;;;;;;;;;;;;;;;;;;;;;
;;;;;;;;;;;;;;;;;;;;;;;;;
;;;;;;;;;;;;;;;;;;;;;;;;;
;;;;;;;;;;;;;;;;;;;;;;;;;
;;;;;;;;;;;;;;;;;;;;;;;;;
;;;;;;;;;;;;;;;;;;;;;;;;;
;;;;;;;;;;;;;;;;;;;;;;;;;
;;;;;;;;;;;;;;;;;;;;;;;;;
;;;;;;;;;;;;;;;;;;;;;;;;;
;;;;;;;;;;;;;;;;;;;;;;;;;
;;;;;;;;;;;;;;;;;;;;;;;;;
;;;;;;;;;;;;;;;;;;;;;;;;;
;;;;;;;;;;;;;;;;;;;;;;;;;
;;;;;;;;;;;;;;;;;;;;;;;;;
;;;;;;;;;;;;;;;;;;;;;;;;;
;;;;;;;;;;;;;;;;;;;;;;;;;
;;;;;;;;;;;;;;;;;;;;;;;;;
;;;;;;;;;;;;;;;;;;;;;;;;;
;;;;;;;;;;;;;;;;;;;;;;;;;
;;;;;;;;;;;;;;;;;;;;;;;;;
;;;;;;;;;;;;;;;;;;;;;;;;;
;;;;;;;;;;;;;;;;;;;;;;;;;
;;;;;;;;;;;;;;;;;;;;;;;;;
;;;;;;;;;;;;;;;;;;;;;;;;;
;;;;;;;;;;;;;;;;;;;;;;;;;
;;;;;;;;;;;;;;;;;;;;;;;;;
;;;;;;;;;;;;;;;;;;;;;;;;;
;;;;;;;;;;;;;;;;;;;;;;;;;
;;;;;;;;;;;;;;;;;;;;;;;;;
;;;;;;;;;;;;;;;;;;;;;;;;;
;;;;;;;;;;;;;;;;;;;;;;;;;
;;;;;;;;;;;;;;;;;;;;;;;;;
;;;;;;;;;;;;;;;;;;;;;;;;;
;;;;;;;;;;;;;;;;;;;;;;;;;
;;;;;;;;;;;;;;;;;;;;;;;;;
;;;;;;;;;;;;;;;;;;;;;;;;;
;;;;;;;;;;;;;;;;;;;;;;;;;
;;;;;;;;;;;;;;;;;;;;;;;;;
;;;;;;;;;;;;;;;;;;;;;;;;;
;;;;;;;;;;;;;;;;;;;;;;;;;
;;;;;;;;;;;;;;;;;;;;;;;;;
;;;;;;;;;;;;;;;;;;;;;;;;;
;;;;;;;;;;;;;;;;;;;;;;;;;
;;;;;;;;;;;;;;;;;;;;;;;;;
;;;;;;;;;;;;;;;;;;;;;;;;;
;;;;;;;;;;;;;;;;;;;;;;;;;
;;;;;;;;;;;;;;;;;;;;;;;;;
;;;;;;;;;;;;;;;;;;;;;;;;;
;;;;;;;;;;;;;;;;;;;;;;;;;
;;;;;;;;;;;;;;;;;;;;;;;;;
;;;;;;;;;;;;;;;;;;;;;;;;;
;;;;;;;;;;;;;;;;;;;;;;;;;
;;;;;;;;;;;;;;;;;;;;;;;;;
;;;;;;;;;;;;;;;;;;;;;;;;;
;;;;;;;;;;;;;;;;;;;;;;;;;
;;;;;;;;;;;;;;;;;;;;;;;;;
;;;;;;;;;;;;;;;;;;;;;;;;;
;;;;;;;;;;;;;;;;;;;;;;;;;
;;;;;;;;;;;;;;;;;;;;;;;;;
;;;;;;;;;;;;;;;;;;;;;;;;;
;;;;;;;;;;;;;;;;;;;;;;;;;
;;;;;;;;;;;;;;;;;;;;;;;;;
;;;;;;;;;;;;;;;;;;;;;;;;;
;;;;;;;;;;;;;;;;;;;;;;;;;
;;;;;;;;;;;;;;;;;;;;;;;;;
;;;;;;;;;;;;;;;;;;;;;;;;;
;;;;;;;;;;;;;;;;;;;;;;;;;
;;;;;;;;;;;;;;;;;;;;;;;;;
;;;;;;;;;;;;;;;;;;;;;;;;;
;;;;;;;;;;;;;;;;;;;;;;;;;
;;;;;;;;;;;;;;;;;;;;;;;;;
;;;;;;;;;;;;;;;;;;;;;;;;;
;;;;;;;;;;;;;;;;;;;;;;;;;
;;;;;;;;;;;;;;;;;;;;;;;;;
;;;;;;;;;;;;;;;;;;;;;;;;;
;;;;;;;;;;;;;;;;;;;;;;;;;
;;;;;;;;;;;;;;;;;;;;;;;;;
;;;;;;;;;;;;;;;;;;;;;;;;;
;;;;;;;;;;;;;;;;;;;;;;;;;
;;;;;;;;;;;;;;;;;;;;;;;;;
;;;;;;;;;;;;;;;;;;;;;;;;;
;;;;;;;;;;;;;;;;;;;;;;;;;
;;;;;;;;;;;;;;;;;;;;;;;;;
;;;;;;;;;;;;;;;;;;;;;;;;;
;;;;;;;;;;;;;;;;;;;;;;;;;
;;;;;;;;;;;;;;;;;;;;;;;;;
;;;;;;;;;;;;;;;;;;;;;;;;;
;;;;;;;;;;;;;;;;;;;;;;;;;
;;;;;;;;;;;;;;;;;;;;;;;;;
;;;;;;;;;;;;;;;;;;;;;;;;;
;;;;;;;;;;;;;;;;;;;;;;;;;
;;;;;;;;;;;;;;;;;;;;;;;;;
;;;;;;;;;;;;;;;;;;;;;;;;;
;;;;;;;;;;;;;;;;;;;;;;;;;
;;;;;;;;;;;;;;;;;;;;;;;;;
;;;;;;;;;;;;;;;;;;;;;;;;;
;;;;;;;;;;;;;;;;;;;;;;;;;
;;;;;;;;;;;;;;;;;;;;;;;;;
;;;;;;;;;;;;;;;;;;;;;;;;;
;;;;;;;;;;;;;;;;;;;;;;;;;
;;;;;;;;;;;;;;;;;;;;;;;;;
;;;;;;;;;;;;;;;;;;;;;;;;;
;;;;;;;;;;;;;;;;;;;;;;;;;
;;;;;;;;;;;;;;;;;;;;;;;;;
;;;;;;;;;;;;;;;;;;;;;;;;;
;;;;;;;;;;;;;;;;;;;;;;;;;
;;;;;;;;;;;;;;;;;;;;;;;;;
;;;;;;;;;;;;;;;;;;;;;;;;;
;;;;;;;;;;;;;;;;;;;;;;;;;
;;;;;;;;;;;;;;;;;;;;;;;;;
;;;;;;;;;;;;;;;;;;;;;;;;;
;;;;;;;;;;;;;;;;;;;;;;;;;
;;;;;;;;;;;;;;;;;;;;;;;;;
;;;;;;;;;;;;;;;;;;;;;;;;;
;;;;;;;;;;;;;;;;;;;;;;;;;
;;;;;;;;;;;;;;;;;;;;;;;;;
;;;;;;;;;;;;;;;;;;;;;;;;;
;;;;;;;;;;;;;;;;;;;;;;;;;
;;;;;;;;;;;;;;;;;;;;;;;;;
;;;;;;;;;;;;;;;;;;;;;;;;;
;;;;;;;;;;;;;;;;;;;;;;;;;
;;;;;;;;;;;;;;;;;;;;;;;;;
;;;;;;;;;;;;;;;;;;;;;;;;;
;;;;;;;;;;;;;;;;;;;;;;;;;
;;;;;;;;;;;;;;;;;;;;;;;;;
;;;;;;;;;;;;;;;;;;;;;;;;;
;;;;;;;;;;;;;;;;;;;;;;;;;
;;;;;;;;;;;;;;;;;;;;;;;;;
;;;;;;;;;;;;;;;;;;;;;;;;;
;;;;;;;;;;;;;;;;;;;;;;;;;
;;;;;;;;;;;;;;;;;;;;;;;;;
;;;;;;;;;;;;;;;;;;;;;;;;;
;;;;;;;;;;;;;;;;;;;;;;;;;
;;;;;;;;;;;;;;;;;;;;;;;;;
;;;;;;;;;;;;;;;;;;;;;;;;;
;;;;;;;;;;;;;;;;;;;;;;;;;
;;;;;;;;;;;;;;;;;;;;;;;;;
;;;;;;;;;;;;;;;;;;;;;;;;;
;;;;;;;;;;;;;;;;;;;;;;;;;
;;;;;;;;;;;;;;;;;;;;;;;;;
;;;;;;;;;;;;;;;;;;;;;;;;;
;;;;;;;;;;;;;;;;;;;;;;;;;
;;;;;;;;;;;;;;;;;;;;;;;;;
;;;;;;;;;;;;;;;;;;;;;;;;;
;;;;;;;;;;;;;;;;;;;;;;;;;
;;;;;;;;;;;;;;;;;;;;;;;;;
;;;;;;;;;;;;;;;;;;;;;;;;;
;;;;;;;;;;;;;;;;;;;;;;;;;
;;;;;;;;;;;;;;;;;;;;;;;;;
;;;;;;;;;;;;;;;;;;;;;;;;;
;;;;;;;;;;;;;;;;;;;;;;;;;
;;;;;;;;;;;;;;;;;;;;;;;;;
;;;;;;;;;;;;;;;;;;;;;;;;;
;;;;;;;;;;;;;;;;;;;;;;;;;
;;;;;;;;;;;;;;;;;;;;;;;;;
;;;;;;;;;;;;;;;;;;;;;;;;;
;;;;;;;;;;;;;;;;;;;;;;;;;
;;;;;;;;;;;;;;;;;;;;;;;;;
;;;;;;;;;;;;;;;;;;;;;;;;;
;;;;;;;;;;;;;;;;;;;;;;;;;
;;;;;;;;;;;;;;;;;;;;;;;;;
;;;;;;;;;;;;;;;;;;;;;;;;;
;;;;;;;;;;;;;;;;;;;;;;;;;
;;;;;;;;;;;;;;;;;;;;;;;;;
;;;;;;;;;;;;;;;;;;;;;;;;;
;;;;;;;;;;;;;;;;;;;;;;;;;
;;;;;;;;;;;;;;;;;;;;;;;;;
;;;;;;;;;;;;;;;;;;;;;;;;;
;;;;;;;;;;;;;;;;;;;;;;;;;
;;;;;;;;;;;;;;;;;;;;;;;;;
;;;;;;;;;;;;;;;;;;;;;;;;;
;;;;;;;;;;;;;;;;;;;;;;;;;
;;;;;;;;;;;;;;;;;;;;;;;;;
;;;;;;;;;;;;;;;;;;;;;;;;;
;;;;;;;;;;;;;;;;;;;;;;;;;
;;;;;;;;;;;;;;;;;;;;;;;;;
;;;;;;;;;;;;;;;;;;;;;;;;;
;;;;;;;;;;;;;;;;;;;;;;;;;
;;;;;;;;;;;;;;;;;;;;;;;;;
;;;;;;;;;;;;;;;;;;;;;;;;;
;;;;;;;;;;;;;;;;;;;;;;;;;
;;;;;;;;;;;;;;;;;;;;;;;;;
;;;;;;;;;;;;;;;;;;;;;;;;;
;;;;;;;;;;;;;;;;;;;;;;;;;
;;;;;;;;;;;;;;;;;;;;;;;;;
;;;;;;;;;;;;;;;;;;;;;;;;;
;;;;;;;;;;;;;;;;;;;;;;;;;
;;;;;;;;;;;;;;;;;;;;;;;;;
;;;;;;;;;;;;;;;;;;;;;;;;;
;;;;;;;;;;;;;;;;;;;;;;;;;
;;;;;;;;;;;;;;;;;;;;;;;;;
;;;;;;;;;;;;;;;;;;;;;;;;;
;;;;;;;;;;;;;;;;;;;;;;;;;
;;;;;;;;;;;;;;;;;;;;;;;;;
;;;;;;;;;;;;;;;;;;;;;;;;;
;;;;;;;;;;;;;;;;;;;;;;;;;
;;;;;;;;;;;;;;;;;;;;;;;;;
;;;;;;;;;;;;;;;;;;;;;;;;;
;;;;;;;;;;;;;;;;;;;;;;;;;
;;;;;;;;;;;;;;;;;;;;;;;;;
;;;;;;;;;;;;;;;;;;;;;;;;;
;;;;;;;;;;;;;;;;;;;;;;;;;
;;;;;;;;;;;;;;;;;;;;;;;;;
;;;;;;;;;;;;;;;;;;;;;;;;;
;;;;;;;;;;;;;;;;;;;;;;;;;
;;;;;;;;;;;;;;;;;;;;;;;;;
;;;;;;;;;;;;;;;;;;;;;;;;;
;;;;;;;;;;;;;;;;;;;;;;;;;
;;;;;;;;;;;;;;;;;;;;;;;;;
;;;;;;;;;;;;;;;;;;;;;;;;;
;;;;;;;;;;;;;;;;;;;;;;;;;
;;;;;;;;;;;;;;;;;;;;;;;;;
;;;;;;;;;;;;;;;;;;;;;;;;;
;;;;;;;;;;;;;;;;;;;;;;;;;
;;;;;;;;;;;;;;;;;;;;;;;;;
;;;;;;;;;;;;;;;;;;;;;;;;;
;;;;;;;;;;;;;;;;;;;;;;;;;
;;;;;;;;;;;;;;;;;;;;;;;;;
;;;;;;;;;;;;;;;;;;;;;;;;;
;;;;;;;;;;;;;;;;;;;;;;;;;
;;;;;;;;;;;;;;;;;;;;;;;;;
;;;;;;;;;;;;;;;;;;;;;;;;;
;;;;;;;;;;;;;;;;;;;;;;;;;
;;;;;;;;;;;;;;;;;;;;;;;;;
;;;;;;;;;;;;;;;;;;;;;;;;;
;;;;;;;;;;;;;;;;;;;;;;;;;
;;;;;;;;;;;;;;;;;;;;;;;;;
;;;;;;;;;;;;;;;;;;;;;;;;;
;;;;;;;;;;;;;;;;;;;;;;;;;
;;;;;;;;;;;;;;;;;;;;;;;;;
;;;;;;;;;;;;;;;;;;;;;;;;;
;;;;;;;;;;;;;;;;;;;;;;;;;
;;;;;;;;;;;;;;;;;;;;;;;;;
;;;;;;;;;;;;;;;;;;;;;;;;;
;;;;;;;;;;;;;;;;;;;;;;;;;
;;;;;;;;;;;;;;;;;;;;;;;;;
;;;;;;;;;;;;;;;;;;;;;;;;;
;;;;;;;;;;;;;;;;;;;;;;;;;
;;;;;;;;;;;;;;;;;;;;;;;;;
;;;;;;;;;;;;;;;;;;;;;;;;;
;;;;;;;;;;;;;;;;;;;;;;;;;
;;;;;;;;;;;;;;;;;;;;;;;;;
;;;;;;;;;;;;;;;;;;;;;;;;;
;;;;;;;;;;;;;;;;;;;;;;;;;
;;;;;;;;;;;;;;;;;;;;;;;;;
;;;;;;;;;;;;;;;;;;;;;;;;;
;;;;;;;;;;;;;;;;;;;;;;;;;
